create database newprojetomoda;
use newprojetomoda;

-- criação da tabela Campanha_Marketing
CREATE TABLE Campanha_Marketing (
		ID_campanha int NOT NULL PRIMARY KEY,
		nome_campanha varchar(100) NOT NULL,
		tipo_campanha varchar(50) NOT NULL,
		data_inicio date NOT NULL,
		data_fim date DEFAULT NULL,
		canal_principal varchar(50) DEFAULT NULL,
		publico_alvo varchar(100) DEFAULT NULL,
		meta_venda decimal(10,2) DEFAULT NULL,
		tema varchar(100) DEFAULT NULL
);
INSERT INTO Campanha_Marketing (ID_campanha, nome_campanha, tipo_campanha, data_inicio, data_fim, canal_principal, publico_alvo, meta_venda, tema)
VALUES 				(1,'Verão Estiloso','Temporada','2025-01-10','2025-02-28','Instagram','Adolescentes',50000.00,'Moda Praia'),
					(2,'Liquida Tudo','Promoção','2025-03-01','2025-03-15','E-mail Marketing','Clientes VIP',30000.00,'Descontos em peças antigas'),
                    (3,'Nova Coleção Outono','Promoção','2025-03-20','2025-04-10','Site','Clientes VIP',70000.00,'Casacos e botas'),
                    (4,'Dia das Mães Fashion','Comemorativa','2025-04-25','2025-05-12','Facebook Ads','Filhas e mães',45000.00,'Presentes para mães'),
                    (5,'Jeans para Todos os Dias','Produto Foco','2025-05-15','2025-06-01','Instagram','Adolescentes',35000.00,'Denim'),
                    (6,'Inverno Elegante','Temporada','2025-06-10','2025-07-30','Pinterest','Mulheres adultas',80000.00,'Roupas quentes e estilosas'),
                    (7,'Moda Corporativa','Segmentada','2025-08-01','2025-08-31','LinkedIn','Profissionais',40000.00,'Roupas para escritório'),
                    (8,'Campanha Dia dos Namorados','Comemorativa','2025-06-01','2025-06-12','Instagram','Casais jovens',32000.00,'Looks românticos'),
                    (9,'Outlet Virtual','Promoção','2025-09-01','2025-09-10','Site','Clientes frequentes',25000.00,'Descontos agressivos'),
                    (10,'Campanha Primavera Leveza','Temporada','2025-09-21','2025-10-15','Instagram','Mulheres 25-40',65000.00,'Vestidos florais'),
                    (11,'Semana da Mulher','Comemorativa','2025-03-08','2025-03-14','Facebook','Mulheres em geral',37000.00,'Empoderamento feminino'),
                    (12,'Sexta Fashion','Promoção','2025-04-05','2025-04-07','WhatsApp','Clientes VIP',15000.00,'Peças em destaque'),
                    (13,'Nova Coleção Plus Size','Lançamento','2025-05-01','2025-05-20','Instagram','Mulheres acima do 44',42000.00,'Moda inclusiva'),
                    (14,'Estilo Boho Chic','Estilo','2025-06-01','2025-06-20','Pinterest','Mulheres alternativas',28000.00,'Moda boêmia'),
                    (15,'Festival da Estampa','Temático','2025-07-01','2025-07-15','Instagram','Jovens estilosas',31000.00,'Estampas vibrantes'),
                    (16,'Look Completo','Campanha de Kit','2025-08-10','2025-08-31','Site','Clientes online',45000.00,'Combinações completas'),
                    (17,'Dia do Cliente','Promoção','2025-09-15','2025-09-17','E-mail Marketing','Clientes VIP',20000.00,'Agradecimento'),
                    (18,'Preto Nada Básico','Estilo','2025-10-05','2025-10-25','Instagram','Mulheres elegantes',37000.00,'All Black'),
                    (19,'Campanha Fim de Ano','Temporada','2025-11-20','2025-12-31','Google Ads','Público geral',100000.00,'Brilho e festas'),
                    (20,'Pré-Venda Exclusiva','Exclusiva','2025-05-20','2025-05-25','WhatsApp','Clientes VIP',27000.00,'Coleção cápsula'),
                    (21,'Desfile Virtual','Evento','2025-03-10','2025-03-10','YouTube','Público online',15000.00,'Nova coleção'),
                    (22,'Campanha Sustentável','Institucional','2025-04-15','2025-04-30','Instagram','Consumidor consciente',18000.00,'Moda sustentável'),
                    (23,'Peças Limitadas','Promoção','2025-07-01','2025-07-05','Site','Clientes VIP',22000.00,'Edição limitada'),
                    (24,'Festival do Vestido','Produto Foco','2025-10-01','2025-10-10','Facebook','Jovens adultas',26000.00,'Vestidos casuais'),
                    (25,'Semana do Jeans','Produto Foco','2025-08-15','2025-08-22','Instagram','Adolescentes',33000.00,'Jeans variados'),
                    (26,'Campanha Outono Retrô','Temporada','2025-03-15','2025-04-15','Pinterest','Vintage lovers',29000.00,'Estilo retrô'),
                    (27,'Campanha Neon','Estilo','2025-09-01','2025-09-15','TikTok','Geração Z',24000.00,'Cores vibrantes'),
                    (28,'Look de Inverno Completo','Campanha de Kit','2025-06-01','2025-07-10','Site','Mulheres adultas',56000.00,'Casaco, bota e cachecol'),
                    (29,'Coleção Noite Glam','Lançamento','2025-12-01','2025-12-15','Instagram','Baladeiras',41000.00,'Brilho e sensualidade'),
                    (30,'Recompra Fashion','Fidelização','2025-05-10','2025-05-20','E-mail Marketing','Clientes inativas',19000.00,'Convite à recompra'),
                    (31,'Campanha Dia da Amizade','Comemorativa','2025-07-20','2025-07-23','Instagram','Jovens amigas',18000.00,'Looks combinados'),
                    (32,'Lingerie Day','Produto Foco','2025-05-28','2025-05-30','Instagram','Mulheres sensuais',21000.00,'Moda íntima'),
                    (33,'Peças Clássicas','Estilo','2025-09-15','2025-10-10','Facebook','Mulheres maduras',39000.00,'Estilo atemporal'),
                    (34,'Campanha Rosa','Comemorativa','2025-10-01','2025-10-31','Instagram','Apoiadoras do Outubro Rosa',32000.00,'Conscientização do câncer de mama'),
                    (35,'Moda e Música','Cultural','2025-04-01','2025-04-30','TikTok','Fãs de festivais',26000.00,'Looks para shows'),
                    (36,'Campanha Flash Sale','Promocional','2025-06-05','2025-06-06','Site','Compradoras rápidas',15000.00,'Descontos-relâmpago'),
                    (37,'Campanha Estampa Animal Print','Estilo','2025-09-10','2025-09-30','Instagram','Fashionistas',30000.00,'Onça e zebra'),
                    (38,'Campanha Looks Básicos','Produto Foco','2025-05-01','2025-05-10','Site','Minimalistas',21000.00,'Peças essenciais'),
                    (39,'Moda Fitness','Segmentada','2025-01-10','2025-01-31','Instagram','Mulheres fitness',29000.00,'Leggings e tops'),
                    (40,'Campanha Transparências','Tendência','2025-04-20','2025-05-10','Instagram','Jovens ousadas',23000.00,'Tecido leve'),
                    (41,'Coleção Vegana','Institucional','2025-05-15','2025-06-10','Instagram','Adolescentes',26000.00,'Sem origem animal'),
                    (42,'Campanha Anos 2000','Retrô','2025-06-20','2025-07-10','TikTok','Geração Z',27000.00,'Estilo Y2K'),
                    (43,'Peças do Mês','Frequente','2025-05-01','2025-05-31','Site','Público geral',33000.00,'Destaques do mês'),
                    (44,'Campanha Neon Party','Evento','2025-08-15','2025-08-20','Instagram','Adolescentes',15000.00,'Glow-in-the-dark'),
                    (45,'Campanha Férias de Verão','Temporada','2025-12-10','2026-01-20','Instagram','Turistas',47000.00,'Looks leves e coloridos'),
                    (46,'Campanha Black Friday','Comercial','2025-11-25','2025-11-30','Site','Todos os clientes',120000.00,'Descontos agressivos'),
                    (47,'Campanha Cyber Monday','Comercial','2025-12-02','2025-12-02','Site','Compradores online',85000.00,'Promoções digitais'),
                    (48,'Campanha Dia das Crianças','Comemorativa','2025-10-01','2025-10-12','Instagram','Mães de meninas',24000.00,'Mini fashion'),
                    (49,'Campanha de Renovação','Fidelização','2025-11-01','2025-11-15','E-mail Marketing','Clientes inativas',22000.00,'Nova fase'),
                    (50,'Campanha Celebre Seu Corpo','Institucional','2025-03-01','2025-03-31','Instagram','Mulheres diversas',30000.00,'Inclusão e autoaceitação');

-- Criação da tabela Canal_Venda
CREATE TABLE Canal_Venda (
		ID_canal int NOT NULL PRIMARY KEY,
		nome_canal varchar(50) NOT NULL,
		tipo varchar(25) DEFAULT NULL,
  UNIQUE KEY nome_canal (nome_canal)
);

INSERT INTO Canal_Venda (ID_canal, nome_canal, tipo)
VALUES 				(1,'Loja Centro SP','loja física'),
					(2,'Loja Shopping RJ','loja física'),
                    (3,'Loja BH Savassi','loja física'),
                    (4,'Loja Porto Alegre','loja física'),
                    (5,'Loja Recife','loja física'),
                    (6,'Site Oficial','site'),
                    (7,'App Android','app'),
                    (8,'App iOS','app'),
                    (9,'Instagram Oficial','site'),
                    (10,'Facebook Store','site'),
                    (11,'WhatsApp Vendas 1','app'),
                    (12,'WhatsApp Vendas 2','app'),
                    (13,'Marketplace Amazon','site'),
                    (14,'Marketplace Mercado Livre','site'),
                    (15,'Marketplace Shopee','site'),
                    (16,'Marketplace Magalu','site'),
                    (17,'Representante Comercial A','loja física'),
                    (18,'Representante Comercial B','loja física'),
                    (19,'Feira de Moda SP','loja física'),
                    (20,'Feira de Moda RJ','loja física'),
                    (21,'Vendedor Autônomo 1','loja física'),
                    (22,'Vendedor Autônomo 2','loja física'),
                    (23,'Distribuidor Norte','loja física'),
                    (24,'Distribuidor Sul','loja física'),
                    (25,'Distribuidor Sudeste','loja física'),
                    (26,'Distribuidor Centro-Oeste','loja física'),
                    (27,'Distribuidor Nordeste','loja física'),
                    (28,'Instagram Influencer A','site'),
                    (29,'Instagram Influencer B','site'),
                    (30,'Loja Pop-up SP','loja física'),
                    (31,'Loja Pop-up RJ','loja física'),
                    (32,'Parceria Loja XYZ','loja física'),
                    (33,'Marketplace Dafiti','site'),
                    (34,'Marketplace Netshoes','site'),
                    (35,'Site Secundário Outlet','site'),
                    (36,'Aplicativo Fidelidade','app'),
                    (37,'Atendimento Chatbot','app'),
                    (38,'Venda Corporativa A','loja física'),
                    (39,'Venda Corporativa B','loja física'),
                    (40,'Instagram Ads','site'),
                    (41,'Google Ads','site'),
                    (42,'TikTok Shop','site'),
                    (43,'Pinterest Loja','site'),
                    (44,'E-mail Marketing','site'),
                    (45,'Telefone SAC Vendas','app'),
                    (46,'QR Code Campanha X','site'),
                    (47,'QR Code Cartão Fidelidade','site'),
                    (48,'Marketplace OLX','site'),
                    (49,'Marketplace Americanas','site'),
                    (50,'Telegram Vendas','app');
                    
	-- Criação da Tabela Categoria
	CREATE TABLE Categoria (
	ID_categoria int NOT NULL PRIMARY KEY,
	nome_categoria varchar(50) NOT NULL,
    UNIQUE KEY nome_categoria (nome_categoria)
);

INSERT INTO Categoria (ID_categoria, nome_categoria) 
VALUES 				(25,'Acessórios'),
					(43,'Anéis'),
                    (48,'Bijuterias'),
                    (10,'Blazers'),
                    (2,'Blusas'),
                    (26,'Bolsas'),
                    (35,'Botas'),
                    (40,'Brincos'),
                    (29,'Calçados'),
                    (4,'Calças'),
                    (14,'Camisetas'),
                    (23,'Cardigans'),
                    (28,'Carteiras'),
                    (8,'Casacos'),
                    (45,'Chapéus'),
                    (37,'Chinelos'),
                    (46,'Cintos'),
                    (41,'Colares'),
                    (7,'Conjuntos'),
                    (36,'Coturnos'),
                    (13,'Croppeds'),
                    (9,'Jaquetas'),
                    (44,'Lenços'),
                    (20,'Lingerie'),
                    (6,'Macacões'),
                    (22,'Meias-calças'),
                    (27,'Mochilas'),
                    (19,'Moda Fitness'),
                    (18,'Moda Praia'),
                    (50,'Novidades da Estação'),
                    (39,'Óculos de Sol'),
                    (21,'Pijamas'),
                    (24,'Ponchos'),
                    (42,'Pulseiras'),
                    (31,'Rasteirinhas'),
                    (11,'Regatas'),
                    (47,'Relógios'),
                    (16,'Roupas Casuais'),
                    (15,'Roupas de Festa'),
                    (17,'Roupas Sociais'),
                    (49,'Roupas Sustentáveis'),
                    (3,'Saias'),
                    (30,'Sandálias'),
                    (38,'Sapatilhas'),
                    (32,'Scarpins'),
                    (5,'Shorts'),
                    (33,'Tênis Casuais'),
                    (34,'Tênis Esportivos'),
                    (12,'Tops'),
                    (1,'Vestidos');

     -- Criação da Tebela Regiao
        CREATE TABLE Regiao (
		ID_regiao int NOT NULL PRIMARY KEY,
		estado varchar(50) NOT NULL,
		cidade varchar(100) NOT NULL,
		pais varchar(50) NOT NULL,
		populacao int DEFAULT NULL
);

INSERT INTO Regiao (ID_regiao, estado, cidade, pais, populacao)
VALUES 			(1,'São Paulo','São Paulo','Brasil',12300000),	
				(2,'Rio de Janeiro','Rio de Janeiro','Brasil',6748000),
                (3,'Minas Gerais','Belo Horizonte','Brasil',2523000),
                (4,'Bahia','Salvador','Brasil',2887000),
                (5,'Paraná','Curitiba','Brasil',1963000),
                (6,'Pernambuco','Recife','Brasil',1653000),
                (7,'Ceará','Fortaleza','Brasil',2687000),
                (8,'Amazonas','Manaus','Brasil',2256000),
                (9,'Rio Grande do Sul','Porto Alegre','Brasil',1493000),
                (10,'Pará','Belém','Brasil',1499000),
                (11,'Goiás','Goiânia','Brasil',1536000),
                (12,'Mato Grosso','Cuiabá','Brasil',623614),
                (13,'Distrito Federal','Brasília','Brasil',3094325),
                (14,'Santa Catarina','Florianópolis','Brasil',537213),
                (15,'Paraíba','João Pessoa','Brasil',825796),
                (16,'Alagoas','Maceió','Brasil',1018948),
                (17,'Maranhão','São Luís','Brasil',1100000),
                (18,'Espírito Santo','Vitória','Brasil',365855),
                (19,'Rio Grande do Norte','Natal','Brasil',890480),
                (20,'Tocantins','Palmas','Brasil',313349),
                (21,'Rondônia','Porto Velho','Brasil',548952),
                (22,'Acre','Rio Branco','Brasil',419452),
                (23,'Sergipe','Aracaju','Brasil',664908),
                (24,'Piauí','Teresina','Brasil',868075),
                (25,'Roraima','Boa Vista','Brasil',419652),
                (26,'Amapá','Macapá','Brasil',512902),
                (27,'São Paulo','Campinas','Brasil',1214000),
                (28,'São Paulo','São Bernardo do Campo','Brasil',844483),
                (29,'São Paulo','Santo André','Brasil',721368),
                (30,'São Paulo','Osasco','Brasil',743000),
                (31,'Rio de Janeiro','Niterói','Brasil',515317),
                (32,'Minas Gerais','Contagem','Brasil',668949),
                (33,'Minas Gerais','Uberlândia','Brasil',706597),
                (34,'Paraná','Londrina','Brasil',580870),
                (35,'Paraná','Maringá','Brasil',439321),
                (36,'Bahia','Feira de Santana','Brasil',619609),
                (37,'Pernambuco','Jaboatão dos Guararapes','Brasil',700000),
                (38,'Ceará','Caucaia','Brasil',365212),
                (39,'Amazonas','Itacoatiara','Brasil',101000),
                (40,'Rio Grande do Sul','Caxias do Sul','Brasil',517451),
                (41,'Pará','Ananindeua','Brasil',535547),
                (42,'Goiás','Aparecida de Goiânia','Brasil',590146),
                (43,'Mato Grosso do Sul','Campo Grande','Brasil',897938),
                (44,'Santa Catarina','Joinville','Brasil',604708),
                (45,'Santa Catarina','Blumenau','Brasil',361855),
                (46,'Paraíba','Campina Grande','Brasil',407472),
                (47,'Alagoas','Arapiraca','Brasil',234696),
                (48,'Espírito Santo','Vila Velha','Brasil',511855),
                (49,'Maranhão','Imperatriz','Brasil',259768),
                (50,'Piauí','Parnaíba','Brasil',153918);

-- Criação da Tabela Cliente
CREATE TABLE Cliente (
		ID_cliente int NOT NULL PRIMARY KEY,
		nome varchar(100) NOT NULL,
		data_nascimento date DEFAULT NULL,
		genero tinyint(1) DEFAULT NULL,
		email varchar(100) NOT NULL,
		telefone varchar(20) DEFAULT NULL,
		fk_ID_regiao int NOT NULL,
  UNIQUE KEY email (email),
  KEY fk_ID_regiao (fk_ID_regiao),
  CONSTRAINT Cliente FOREIGN KEY (fk_ID_regiao) REFERENCES Regiao (ID_regiao)
);

INSERT INTO Cliente (ID_cliente, nome, data_nascimento, genero, email, telefone, fk_ID_regiao)
VALUES 				(1,'Ana Paula Souza','1992-03-15',1,'ana.souza@gmail.com','(11)98888-1122',1),	
					(2,'Juliana Ferreira','1989-07-22',1,'juliana.f@gmail.com','(11)98877-2244',2),
                    (3,'Mariana Lima','1995-05-30',1,'mariana.lima@hotmail.com','(21)98765-9988',3),
                    (4,'Beatriz Castro','1990-10-10',1,'bcastro@yahoo.com','(41)98822-3344',1),
                    (5,'Luciana Mendes','1988-12-03',1,'luciana.m@gmail.com','(31)98433-2288',4),
                    (6,'Camila Oliveira','1994-09-18',1,'camila.oliveira@hotmail.com','(71)98888-4455',5),
                    (7,'Isabela Rocha','1996-01-08',1,'isarocha@gmail.com','(61)99887-5566',6),
                    (8,'Carla Nunes','1993-06-25',1,'carlanunes@outlook.com','(81)98777-2233',7),
                    (9,'Fernanda Lima','1987-08-14',1,'fernanda.lima@gmail.com','(11)97654-1111',1),
                    (10,'Priscila Moraes','1991-04-12',1,'priscila.moraes@yahoo.com','(21)98555-6677',2),
                    (11,'Rafaela Almeida','1997-11-20',1,'rafaela.almeida@gmail.com','(31)99999-8888',8),
                    (12,'Letícia Martins','1992-02-28',1,'leticia.martins@gmail.com','(61)98788-9999',4),
                    (13,'Tatiane Costa','1986-05-07',1,'tatiane.costa@gmail.com','(71)98833-1122',6),
                    (14,'Gabriela Sousa','1993-10-01',1,'gabriela.sousa@hotmail.com','(41)97878-8899',9),
                    (15,'Elaine Pires','1990-09-17',1,'elaine.pires@gmail.com','(51)96666-7788',10),
                    (16,'Larissa Duarte','1995-06-21',1,'larissa.duarte@gmail.com','(11)91234-5678',3),
                    (17,'Amanda Ribeiro','1989-01-10',1,'amanda.ribeiro@yahoo.com','(21)99876-5432',7),
                    (18,'Joana Diniz','1996-07-19',1,'joana.diniz@gmail.com','(71)97654-3322',8),
                    (19,'Patrícia Leal','1987-03-09',1,'patricia.leal@hotmail.com','(31)93333-2233',9),
                    (20,'Bianca Silva','1994-12-31',1,'bianca.silva@gmail.com','(41)98844-5566',2),
                    (21,'Cláudia Tavares','1991-11-25',1,'claudia.tavares@hotmail.com','(11)99777-8888',5),
                    (22,'Sabrina Gonçalves','1993-08-04',1,'sabrina.g@gmail.com','(61)94444-1111',6),
                    (23,'Renata Prado','1992-03-03',1,'renata.prado@yahoo.com','(71)92222-3344',10),
                    (24,'Silvana Teixeira','1985-05-20',1,'silvana.teixeira@gmail.com','(41)90000-1234',4),
                    (25,'Cristiane Campos','1990-02-11',1,'cris.campos@hotmail.com','(21)96543-4567',8),
                    (26,'Vanessa Oliveira','1997-09-09',1,'vanessa.o@gmail.com','(31)98887-7766',3),
                    (27,'Tatiana Braga','1995-04-16',1,'tatiana.braga@gmail.com','(61)95555-2233',5),
                    (28,'Eliane Lopes','1989-06-01',1,'eliane.lopes@yahoo.com','(71)91111-3344',9),
                    (29,'Aline Pereira','1991-10-22',1,'aline.pereira@gmail.com','(41)97777-8899',1),
                    (30,'Débora Martins','1993-12-13',1,'debora.martins@hotmail.com','(11)98888-9999',2),
                    (31,'Natália Carvalho','1988-07-08',1,'natalia.carvalho@gmail.com','(31)96565-4545',6),
                    (32,'Viviane Costa','1992-11-17',1,'viviane.costa@gmail.com','(21)97676-8787',7),
                    (33,'Simone Rocha','1994-05-02',1,'simone.rocha@hotmail.com','(61)98787-2323',10),
                    (34,'Helena Dias','1996-03-29',1,'helena.dias@gmail.com','(71)98888-7777',8),
                    (35,'Tatiane Ferreira','1991-01-01',1,'tatiane.ferreira@gmail.com','(41)95555-1212',3),
                    (36,'Karina Barbosa','1987-02-18',1,'karina.barbosa@yahoo.com','(11)93456-7890',4),
                    (37,'Paula Andrade','1990-09-06',1,'paula.andrade@gmail.com','(31)98899-2233',5),
                    (38,'Letícia Gomes','1995-08-23',1,'leticia.gomes@hotmail.com','(21)97777-4545',9),
                    (39,'Adriana Ribeiro','1989-11-11',1,'adriana.ribeiro@gmail.com','(41)92233-5566',6),
                    (40,'Sandra Melo','1993-04-04',1,'sandra.melo@gmail.com','(11)98876-3456',7),
                    (41,'Regina Lima','1992-02-14',1,'regina.lima@gmail.com','(31)99888-1122',10),
                    (42,'Lívia Torres','1986-06-06',1,'livia.torres@gmail.com','(71)98776-2233',2),
                    (43,'João Silva','1990-05-20',0,'joao.silva@gmail.com','(11)98888-7766',1),
                    (44,'Carlos Henrique','1988-12-12',0,'carlos.h@gmail.com','(21)96543-6789',3),
                    (45,'André Lima','1994-10-10',0,'andre.lima@gmail.com','(41)95555-6677',4),
                    (46,'Ricardo Santos','1991-08-08',0,'ricardo.santos@gmail.com','(61)93333-4444',5),
                    (47,'Thiago Costa','1987-11-11',0,'thiago.costa@hotmail.com','(71)99999-0000',6),
                    (48,'Felipe Rocha','1993-03-03',0,'felipe.rocha@gmail.com','(31)98888-9999',7),
                    (49,'Pedro Oliveira','1996-06-06',0,'pedro.oliveira@yahoo.com','(11)98765-1234',8),
                    (50,'Mateus Moreira','1995-07-07',0,'mateus.moreira@gmail.com','(21)98888-3344',9);

-- Criação da tabela Cliente_Campanha
CREATE TABLE Cliente_Campanha (
  data_participacao DATE DEFAULT NULL,
  resposta TINYINT DEFAULT NULL,
  tipo_resposta VARCHAR(50) DEFAULT NULL,
  valor_gasto DECIMAL(10,2) DEFAULT NULL,
  engajamento VARCHAR(20) DEFAULT NULL,
  canal_resposta VARCHAR(50) DEFAULT NULL,
  cupom_utilizado VARCHAR(30) DEFAULT NULL,
  status_participacao VARCHAR(20) DEFAULT NULL,
  fk_ID_cliente INT NOT NULL,
  fk_ID_campanha INT NOT NULL,
  PRIMARY KEY (fk_ID_cliente, fk_ID_campanha),
  KEY fk_ID_campanha (fk_ID_campanha),
  CONSTRAINT FK_ClienteCampanha_Cliente FOREIGN KEY (fk_ID_cliente) REFERENCES Cliente (ID_cliente),
  CONSTRAINT FK_ClienteCampanha_Campanha FOREIGN KEY (fk_ID_campanha) REFERENCES Campanha_Marketing (ID_campanha)
);

INSERT INTO Cliente_campanha (data_participacao, resposta, tipo_resposta, valor_gasto, engajamento, canal_resposta, cupom_utilizado, status_participacao, fk_ID_cliente, fk_ID_campanha) 
VALUES 				('2025-03-01',1,'compra',120.50,'alto','WhatsApp','CUPOM10','convertido',1,1),
					('2025-03-11',1,'compra',50.00,'alto','Instagram','CASHBACK5','convertido',1,2),	
                    ('2025-03-21',1,'comentário',0.00,'médio','Instagram',NULL,'interagiu',1,3),
                    ('2025-04-01',1,'clique no link',0.00,'médio','E-mail',NULL,'interagiu',1,5),
                    ('2025-04-11',1,'clique no link',0.00,'médio','E-mail',NULL,'interagiu',1,6),
                    ('2025-03-02',1,'clique no link',0.00,'médio','Instagram',NULL,'interagiu',2,1),
                    ('2025-03-12',1,'clique no link',0.00,'médio','WhatsApp',NULL,'interagiu',2,2),
                    ('2025-03-22',0,NULL,0.00,'nenhum',NULL,NULL,'enviado',2,4),
                    ('2025-04-02',0,NULL,0.00,'nenhum',NULL,NULL,'enviado',2,5),
                    ('2025-04-12',1,'curtida',0.00,'baixo','Facebook',NULL,'visualizado',2,6),
                    ('2025-03-03',0,NULL,0.00,'nenhum',NULL,NULL,'enviado',3,1),
                    ('2025-03-13',1,'compartilhamento',0.00,'médio','Facebook',NULL,'interagiu',3,3),
                    ('2025-03-23',1,'compra',65.00,'alto','E-mail','EMAIL5','convertido',3,4),
                    ('2025-04-03',1,'compra',145.00,'alto','WhatsApp','LOVE30','convertido',3,5),
                    ('2025-04-13',1,'compra',115.00,'alto','WhatsApp','FLASH15','convertido',3,6),
                    ('2025-03-04',1,'curtida',0.00,'baixo','Facebook',NULL,'interagiu',4,1),
                    ('2025-03-14',0,NULL,0.00,'nenhum',NULL,NULL,'enviado',4,3),
                    ('2025-03-24',1,'curtida',0.00,'baixo','Facebook',NULL,'visualizado',4,4),
                    ('2025-04-04',1,'curtida',0.00,'baixo','Instagram',NULL,'visualizado',4,5),
                    ('2025-04-14',0,NULL,0.00,'nenhum',NULL,NULL,'enviado',4,6),
                    ('2025-03-05',1,'compra',89.90,'alto','WhatsApp','DESCONTO20','convertido',5,1),
                    ('2025-03-15',1,'compra',150.00,'alto','WhatsApp','PROMO15','convertido',5,3),
                    ('2025-03-25',0,NULL,0.00,'nenhum',NULL,NULL,'enviado',5,4),
                    ('2025-04-05',0,NULL,0.00,'nenhum',NULL,NULL,'enviado',5,5),
                    ('2025-04-15',1,'comentário',0.00,'médio','Instagram',NULL,'interagiu',5,6),
                    ('2025-03-06',1,'comentário',0.00,'médio','Instagram',NULL,'interagiu',6,2),
                    ('2025-03-16',1,'curtida',0.00,'baixo','Instagram',NULL,'visualizado',6,3),
                    ('2025-03-26',1,'compartilhamento',0.00,'médio','Instagram',NULL,'interagiu',6,4),
                    ('2025-04-06',1,'compartilhamento',0.00,'médio','Facebook',NULL,'interagiu',6,5),
                    ('2025-04-16',1,'compra',135.00,'alto','E-mail','NEW10','convertido',6,6),
                    ('2025-03-07',0,NULL,0.00,'nenhum',NULL,NULL,'enviado',7,2),
                    ('2025-03-17',1,'compra',79.99,'alto','E-mail','OUTLET30','convertido',7,3),
                    ('2025-03-27',1,'compra',210.00,'alto','WhatsApp','FIMDESA20','convertido',7,4),
                    ('2025-04-07',1,'compra',300.00,'alto','E-mail','FESTA10','convertido',7,5),
                    ('2025-04-17',1,'clique no link',0.00,'médio','Facebook',NULL,'interagiu',7,6),
                    ('2025-03-08',1,'compra',230.00,'alto','E-mail','FRETEGRATIS','convertido',8,2),
                    ('2025-03-18',0,NULL,0.00,'nenhum',NULL,NULL,'enviado',8,3),
                    ('2025-03-28',0,NULL,0.00,'nenhum',NULL,NULL,'enviado',8,4),
                    ('2025-04-08',1,'comentário',0.00,'médio','Instagram',NULL,'interagiu',8,5),
                    ('2025-04-18',0,NULL,0.00,'nenhum',NULL,NULL,'enviado',8,6),
                    ('2025-03-09',1,'curtida',0.00,'baixo','Facebook',NULL,'visualizado',9,2),
                    ('2025-03-19',1,'clique no link',0.00,'médio','Facebook',NULL,'interagiu',9,3),
                    ('2025-03-29',1,'comentário',0.00,'médio','Facebook',NULL,'interagiu',9,4),
                    ('2025-04-09',1,'compra',180.00,'alto','WhatsApp','VIP100','convertido',9,5),
                    ('2025-04-19',1,'curtida',0.00,'baixo','Instagram',NULL,'visualizado',9,6),
                    ('2025-03-10',0,NULL,0.00,'nenhum',NULL,NULL,'enviado',10,2),
                    ('2025-03-20',1,'compra',99.90,'alto','WhatsApp','SUPER10','convertido',10,3),
                    ('2025-03-30',1,'compra',120.00,'alto','Instagram','INSTALOVE','convertido',10,4),
                    ('2025-04-10',0,NULL,0.00,'nenhum',NULL,NULL,'enviado',10,5),
                    ('2025-04-20',1,'compra',250.00,'alto','WhatsApp','BRINDE5','convertido',10,6);
                    
-- Criação da Tebela produto
CREATE TABLE Produto (
		ID_produto int NOT NULL PRIMARY KEY,
		nome varchar(100) NOT NULL,
		preco decimal(10,2) NOT NULL,
		tamanho varchar(10) DEFAULT NULL,
		cor varchar(30) DEFAULT NULL,
		colecao varchar(50) DEFAULT NULL,
		publico_alvo varchar(20) DEFAULT NULL,
		fk_ID_categoria int NOT NULL,
  CONSTRAINT Produto FOREIGN KEY (fk_ID_categoria) REFERENCES Categoria (ID_categoria)
);

INSERT INTO Produto (ID_produto, nome, preco, tamanho, cor, colecao, publico_alvo, fk_ID_categoria)
VALUES 			(1,'Vestido Floral Longo',129.90,'M','Floral','Verão','Feminino',1),
				(2,'Blusa de Tricot',69.90,'G','Bege','Outono/Inverno','Feminino',2),
                (3,'Saia Midi Xadrez',79.90,'P','Xadrez',NULL,'Feminino',3),
                (4,'Calça Jeans Skinny',109.90,'G','Azul Claro','Verão','Feminino',4),
                (5,'Shorts de Linho',59.90,'M','Branco','Verão','Feminino',5),
                (6,'Macacão Preto',149.90,'M','Preto','Outono/Inverno','Feminino',6),
                (7,'Conjunto de Moletom',119.90,'G','Cinza','Outono/Inverno','Feminino',7),
                (8,'Casaco de Lã',189.90,'G','Cinza Escuro','Outono/Inverno','Feminino',8),
                (9,'Jaqueta de Couro',249.90,'P','Preto','Outono/Inverno','Feminino',9),
                (10,'Blazer de Linho',139.90,'M','Bege','Verão','Feminino',10),
                (11,'Regata Jeans',79.90,'P','Branco','Verão','Feminino',11),
                (12,'Top de Crochê',49.90,'M','Bege','Verão','Feminino',12),
                (13,'Cropped de Alça',29.90,'P','Preto','Verão','Feminino',13),
                (14,'Camiseta Básica',219.90,'M','Cinza','Verão','Feminino',14),
                (15,'Roupão de Veludo',79.90,'G','Rosa','Outono/Inverno','Feminino',15),
                (16,'Vestido de Festa Longo',269.90,'M','Vermelho',NULL,'Feminino',1),
                (17,'Saia Curta de Couro',119.90,'M','Preto','Outono/Inverno','Feminino',3),
                (18,'Calça de Couro',189.90,'G','Preto','Outono/Inverno','Feminino',4),
                (19,'Top de Seda',89.90,'P','Preto','Verão','Feminino',12),
                (20,'Blusa Manga Longa',89.90,'G','Azul Claro','Outono/Inverno','Feminino',2),
                (21,'Rasteirinha de Strass',59.90,'M','Dourada',NULL,'Feminino',29),
                (22,'Camiseta Branca Casual',59.90,'G','Branco','Verão','Feminino',29),
                (23,'Botas de Cano Curto',169.90,'P','Marrom','Outono/Inverno','Feminino',29),
                (24,'Scarpin Preto',129.90,'M','Preto','Outono/Inverno','Feminino',29),
                (25,'Sapatilha de Glitter',59.90,'P','Prata','Verão','Feminino',29),
                (26,'Bota de Cano Longo',189.90,'G','Preto','Outono/Inverno','Feminino',29),
                (27,'Sandália de Corda',69.90,'M','Bege','Verão','Feminino',29),
                (28,'Chapéu de Palha',69.90,'M','Bege','Verão','Feminino',46),
                (29,'Brinco de Argola',39.90,'M','Dourado','Verão','Feminino',40),
                (30,'Colar de Pérolas',49.90,'M','Rosa','Verão','Feminino',41),
                (31,'Pulseira de Couro',19.90,'M','Preto','Outono/Inverno','Feminino',42),
                (32,'Anel de Prata',19.90,'M','Prata','Verão','Feminino',43),
                (33,'Carteira de Couro',69.90,'M','Preto','Verão','Feminino',28),
                (34,'Mochila de Camurça',119.90,'M','Bege','Outono/Inverno','Feminino',27),
                (35,'Bolsa Tiracolo',99.90,'M','Preto','Verão','Feminino',26),
                (36,'Lenço de Seda',39.90,'M','Rosa claro','Verão','Feminino',46),
                (37,'Cinto de Couro',89.90,'M','Preto','Outono/Inverno','Feminino',46),
                (38,'Óculos de Sol Quadrado',79.90,'M','Preto','Verão','Feminino',40),
                (39,'Chinelos de Praia',59.90,'M','Rosa','Verão','Feminino',29),
                (40,'Macacão Jeans',149.90,'M','Azul Claro','Verão','Feminino',6),
                (41,'T-shirt de Bandas',59.90,'M','Preto','Verão','Feminino',14),
                (42,'Camiseta Estampada',49.90,'P','Branco','Verão','Feminino',14),
                (43,'Casaco de Tricot',129.90,'G','Rosa Claro','Outono/Inverno','Feminino',8),
                (44,'Camiseta oversized',59.90,'M','Azul Escuro','Verão','Feminino',9),
                (45,'Saia de Couro',99.90,'M','Preto','Outono/Inverno','Feminino',3),
                (46,'Vestido de Renda',149.90,'G','Branco','Verão','Feminino',1),
                (47,'Regata de Linho',59.90,'P','Bege','Verão','Feminino',11),
                (48,'Calça Flare',119.90,'G','Preto','Verão','Feminino',4),
                (49,'Cropped de Algodão',49.90,'M','Cinza','Verão','Feminino',13),
                (50,'Blusa de Botões',59.90,'M','Rosa','Outono/Inverno','Feminino',2);
                    
-- Criação da tabela Estoque
CREATE TABLE Estoque (
		ID_estoque int NOT NULL PRIMARY KEY,
		quantidade_disponivel int NOT NULL,
		ultima_reposicao date DEFAULT NULL,
		fk_ID_produto int NOT NULL,
  UNIQUE KEY fk_ID_produto (fk_ID_produto),
  CONSTRAINT Estoque FOREIGN KEY (fk_ID_produto) REFERENCES Produto (ID_produto)
);

INSERT INTO Estoque (ID_estoque, quantidade_disponivel, ultima_reposicao, fk_ID_produto)
VALUES 				(1,35,'2024-10-02',1),
					(2,12,'2024-09-15',2),	
                    (3,47,'2024-11-05',3),
                    (4,21,'2024-12-12',4),
                    (5,55,'2025-01-10',5),
                    (6,17,'2024-10-20',6),
                    (7,30,'2024-11-18',7),
                    (8,9,'2024-08-25',8),
                    (9,26,'2024-12-01',9),
                    (10,41,'2025-02-02',10),
                    (11,20,'2024-09-30',11),
                    (12,13,'2024-11-12',12),
                    (13,39,'2025-04-25',13),
                    (14,24,'2024-10-10',14),
                    (15,50,'2025-01-05',15),
                    (16,15,'2024-11-28',16),
                    (17,8,'2024-09-18',17),
                    (18,42,'2024-12-15',18),
                    (19,11,'2025-02-08',19),
                    (20,33,'2024-10-25',20),
                    (21,45,'2025-01-12',21),
                    (22,19,'2024-09-21',22),
                    (23,22,'2024-11-01',23),
                    (24,38,'2024-12-05',24),
                    (25,29,'2025-01-20',25),
                    (26,16,'2024-08-30',26),
                    (27,36,'2024-10-18',27),
                    (28,14,'2024-09-08',28),
                    (29,31,'2025-01-02',29),
                    (30,10,'2024-12-22',30),
                    (31,25,'2024-11-10',31),
                    (32,43,'2024-10-06',32),
                    (33,18,'2025-02-01',33),
                    (34,32,'2024-11-16',34),
                    (35,7,'2024-09-25',35),
                    (36,48,'2024-12-30',36),
                    (37,28,'2024-08-27',37),
                    (38,34,'2025-01-18',38),
                    (39,5,'2024-10-14',39),
                    (40,23,'2024-11-24',40),
                    (41,40,'2024-12-10',41),
                    (42,6,'2024-09-12',42),
                    (43,46,'2025-01-08',43),
                    (44,27,'2024-10-04',44),
                    (45,4,'2024-08-22',45),
                    (46,37,'2025-01-28',46),
                    (47,3,'2024-09-17',47),
                    (48,44,'2024-12-25',48),
                    (49,2,'2024-10-16',49),
                    (50,1,'2024-11-30',50);
                    
        -- Criação da Tabela Pagamento            
		CREATE TABLE Pagamento (
		ID_pagamento int NOT NULL PRIMARY KEY,
		forma_pagamento varchar(50) NOT NULL,
		valor_pago decimal(10,2) NOT NULL
);

INSERT INTO Pagamento (ID_pagamento, forma_pagamento, valor_pago)
VALUES 				(1,'Cartão de Crédito',259.90),
					(2,'Boleto Bancário',119.90),
                    (3,'Pix',359.00),
                    (4,'Cartão de Débito',89.90),
                    (5,'Cartão de Crédito',229.90),
                    (6,'Pix',59.90),
                    (7,'Dinheiro',49.90),
                    (8,'Cartão de Débito',189.90),
                    (9,'Pix',399.99),
                    (10,'Cartão de Crédito',129.00),
                    (11,'Boleto Bancário',199.90),
                    (12,'Cartão de Débito',99.99),
                    (13,'Pix',309.90),
                    (14,'Cartão de Crédito',159.90),
                    (15,'Dinheiro',89.00),
                    (16,'Cartão de Débito',149.90),
                    (17,'Pix',75.50),
                    (18,'Cartão de Crédito',599.00),
                    (19,'Boleto Bancário',289.90),
                    (20,'Cartão de Débito',119.90),
                    (21,'Cartão de Crédito',79.90),
                    (22,'Pix',129.90),
                    (23,'Cartão de Crédito',99.90),
                    (24,'Boleto Bancário',219.90),
                    (25,'Cartão de Débito',49.90),
                    (26,'Pix',329.90),
                    (27,'Dinheiro',39.90),
                    (28,'Cartão de Crédito',179.00),
                    (29,'Pix',149.90),
                    (30,'Boleto Bancário',89.90),
                    (31,'Cartão de Débito',59.90),
                    (32,'Cartão de Crédito',299.90),
                    (33,'Pix',219.90),
                    (34,'Cartão de Crédito',79.99),
                    (35,'Dinheiro',109.90),
                    (36,'Cartão de Débito',269.90),
                    (37,'Pix',189.90),
                    (38,'Boleto Bancário',159.90),
                    (39,'Cartão de Crédito',399.90),
                    (40,'Pix',69.90),
                    (41,'Dinheiro',59.00),
                    (42,'Cartão de Débito',89.90),
                    (43,'Cartão de Crédito',229.90),
                    (44,'Pix',119.99),
                    (45,'Cartão de Crédito',199.90),
                    (46,'Boleto Bancário',299.90),
                    (47,'Cartão de Débito',129.90),
                    (48,'Pix',99.90),
                    (49,'Cartão de Crédito',349.90),
                    (50,'Dinheiro',79.90);




                    
	-- Criação da tebela Venda
CREATE TABLE Venda (
	ID_venda INT NOT NULL PRIMARY KEY,
	data_venda DATE NOT NULL,
	fk_ID_pagamento INT NOT NULL,
	fk_ID_canal INT NOT NULL,
	fk_ID_campanha INT DEFAULT NULL,
	total DECIMAL(10,2) NOT NULL,
	mes INT DEFAULT NULL,
	ano INT DEFAULT NULL,
	estacao VARCHAR(10) DEFAULT NULL,
	CONSTRAINT FK_Venda_Pagamento FOREIGN KEY (fk_ID_pagamento) REFERENCES Pagamento(ID_pagamento),
	CONSTRAINT FK_Venda_Canal FOREIGN KEY (fk_ID_canal) REFERENCES Canal_Venda(ID_canal),
	CONSTRAINT FK_Venda_Campanha FOREIGN KEY (fk_ID_campanha) REFERENCES Campanha_Marketing(ID_campanha)
);


INSERT INTO Venda (ID_venda, data_venda, fk_ID_pagamento, fk_ID_canal, fk_ID_campanha, total, mes, ano, estacao)
VALUES			(1,'2023-01-15',1,3,5,250.00,1,2023,'verão'),
				(2,'2023-02-10',2,7,10,120.50,2,2023,'verão'),
                (3,'2023-03-05',3,2,2,340.90,3,2023,'verão'),
                (4,'2023-04-20',4,9,8,560.00,4,2023,'outono'),
                (5,'2023-05-12',5,4,12,890.75,5,2023,'outono'),
                (6,'2023-06-30',6,6,6,67.30,6,2023,'inverno'),
                (7,'2023-07-08',7,11,7,740.00,7,2023,'inverno'),
                (8,'2023-08-19',8,1,18,980.00,8,2023,'inverno'),
                (9,'2023-09-25',9,15,20,450.90,9,2023,'primavera'),
                (10,'2023-10-03',10,8,9,390.00,10,2023,'primavera'),
                (11,'2023-11-17',11,5,14,1320.00,11,2023,'primavera'),
                (12,'2023-12-20',12,17,22,1575.25,12,2023,'verão'),
                (13,'2024-01-11',13,12,11,680.00,1,2024,'verão'),
                (14,'2024-02-14',14,3,24,240.00,2,2024,'verão'),
                (15,'2024-03-02',15,10,15,999.00,3,2024,'verão'),
                (16,'2024-04-10',16,13,28,775.60,4,2024,'outono'),
                (17,'2024-05-08',17,6,19,315.00,5,2024,'outono'),
                (18,'2024-06-21',18,20,25,1490.00,6,2024,'inverno'),
                (19,'2024-07-15',19,2,29,615.00,7,2024,'inverno'),
                (20,'2024-08-28',20,16,30,95.00,8,2024,'inverno'),
                (21,'2024-09-12',21,14,16,109.00,9,2024,'primavera'),
                (22,'2024-10-05',22,7,31,1290.00,10,2024,'primavera'),
                (23,'2024-11-10',23,9,3,855.00,11,2024,'primavera'),
                (24,'2024-12-23',24,18,4,1430.00,12,2024,'verão'),
                (25,'2023-01-30',25,1,21,510.00,1,2023,'verão'),
                (26,'2023-02-17',26,3,27,480.90,2,2023,'verão'),
                (27,'2023-03-09',27,4,40,1100.00,3,2023,'verão'),
                (28,'2023-04-14',28,6,13,295.00,4,2023,'outono'),
                (29,'2023-05-06',29,11,17,780.00,5,2023,'outono'),
                (30,'2023-06-11',30,5,23,1275.00,6,2023,'inverno'),
                (31,'2023-07-29',31,17,26,620.00,7,2023,'inverno'),
                (32,'2023-08-06',32,2,38,590.00,8,2023,'inverno'),
                (33,'2023-09-03',33,10,36,60.00,9,2023,'primavera'),
                (34,'2023-10-19',34,15,32,1380.00,10,2023,'primavera'),
                (35,'2023-11-07',35,14,34,720.00,11,2023,'primavera'),
                (36,'2023-12-29',36,13,33,1680.00,12,2023,'verão'),
                (37,'2024-01-22',37,6,39,315.00,1,2024,'verão'),
                (38,'2024-02-09',38,8,1,270.00,2,2024,'verão'),
                (39,'2024-03-16',39,19,35,55.00,3,2024,'verão'),
                (40,'2024-04-07',40,10,45,675.00,4,2024,'outono'),
				(41,'2024-05-25',41,12,42,940.00,5,2024,'outono'),
				(42,'2024-06-02',42,18,37,385.00,6,2024,'inverno'),
				(43,'2024-07-01',43,1,46,1080.00,7,2024,'inverno'),
				(44,'2024-08-13',44,7,43,720.00,8,2024,'inverno'),
				(45,'2024-09-22',45,3,48,1055.00,9,2024,'primavera'),
				(46,'2024-10-10',46,16,47,860.00,10,2024,'primavera'),
				(47,'2024-11-28',47,14,41,1320.00,11,2024,'primavera'),
				(48,'2024-12-12',48,9,44,1235.00,12,2024,'verão'),					
				(49,'2023-03-12',49,8,49,570.00,3,2023,'verão'),
				(50,'2024-10-25',50,5,50,1495.00,10,2024,'primavera');
                    
-- Criação da tabela Itens_venda 
CREATE TABLE Itens_venda (
  preco_unitario DECIMAL(10,2) NOT NULL,
  quantidade INT NOT NULL,
  fk_ID_produto INT NOT NULL,
  fk_ID_venda INT NOT NULL,
  CONSTRAINT FK_ItensVenda_Produto FOREIGN KEY (fk_ID_produto) REFERENCES Produto(ID_produto),
  CONSTRAINT FK_ItensVenda_Venda FOREIGN KEY (fk_ID_venda) REFERENCES Venda(ID_venda)
);

INSERT INTO Itens_venda (preco_unitario, quantidade, fk_ID_produto, fk_ID_venda) 
VALUES 				(49.90,2,1,1),		
					(25.00,1,2,1),
                    (100.00,1,3,1),
                    (15.75,3,4,1),
                    (59.90,1,5,1),
                    (23.50,2,6,1),
                    (9.99,5,7,1),
                    (120.00,1,8,1),
                    (35.00,1,9,1),
                    (42.80,2,10,1),
                    (60.00,2,11,1),
                    (29.90,1,12,1),
                    (13.30,4,13,1),
                    (199.99,1,14,1),
                    (89.00,1,15,1),
                    (11.50,3,16,1),
                    (45.00,1,17,1),
                    (33.33,2,18,1),
                    (77.70,1,19,1),
                    (12.20,6,20,1),
                    (49.99,2,21,1),
                    (39.99,1,22,1),
                    (20.50,1,23,1),
                    (10.99,3,24,1),
                    (55.00,1,25,1),
                    (19.99,2,26,1),
                    (99.00,1,27,1),
                    (66.00,1,28,1),
                    (30.00,1,29,1),
                    (44.40,2,30,1),
                    (13.90,4,31,1),
                    (10.50,3,32,1),
                    (16.60,2,33,1),
                    (21.75,1,34,1),
                    (9.90,5,35,1),
                    (12.30,2,36,1),
                    (88.00,1,37,1),
                    (67.00,1,38,1),
                    (54.00,2,39,1),
                    (29.00,3,40,1),
                    (18.50,1,41,1),
                    (19.99,2,42,1),
                    (22.90,3,43,1),
                    (33.30,1,44,1),
                    (77.77,1,45,1),
                    (49.00,2,46,1),
                    (27.00,1,47,1),
                    (38.80,2,48,1),
                    (17.99,1,49,1),
                    (59.90,2,50,1);
                    
-- Criação da tabela Parcela
CREATE TABLE Parcela (
		ID_parcela int NOT NULL PRIMARY KEY,
		fk_ID_venda int DEFAULT NULL,
		n_parcela int DEFAULT NULL,
		valor_parcela decimal(10,2) DEFAULT NULL,
		data_pagamento date DEFAULT NULL,
  CONSTRAINT Parcela FOREIGN KEY (fk_ID_venda) REFERENCES Venda (ID_venda)
);

INSERT INTO Parcela (ID_parcela, fk_ID_venda, n_parcela, valor_parcela, data_pagamento)
VALUES 				(1,1,1,49.90,'2025-01-10'),
					(2,2,1,75.50,'2025-01-12'),
                    (3,3,1,35.00,'2025-01-15'),
                    (4,4,1,150.00,'2025-01-20'),
                    (5,5,1,79.99,'2025-01-22'),
                    (6,6,1,90.00,'2025-01-25'),
                    (7,7,1,40.00,'2025-01-28'),
                    (8,8,1,29.99,'2025-02-01'),
                    (9,9,1,120.00,'2025-02-03'),
                    (10,10,1,60.00,'2025-02-04'),
                    (11,11,1,90.00,'2025-02-06'),
                    (12,12,1,45.00,'2025-02-10'),
                    (13,13,1,49.90,'2025-02-12'),
                    (14,14,1,30.00,'2025-02-13'),
                    (15,15,1,70.00,'2025-02-14'),
                    (16,16,1,80.00,'2025-02-16'),
                    (17,17,1,55.50,'2025-02-20'),
                    (18,18,1,99.00,'2025-02-21'),
                    (19,19,1,110.00,'2025-02-22'),
                    (20,20,1,65.00,'2025-02-25'),
                    (21,21,1,120.00,'2025-03-01'),
                    (22,22,1,70.00,'2025-03-03'),
                    (23,23,1,55.55,'2025-03-04'),
                    (24,24,1,33.33,'2025-03-06'),
                    (25,25,1,44.44,'2025-03-07'),
                    (26,26,1,88.88,'2025-03-10'),
                    (27,27,1,60.00,'2025-03-11'),
                    (28,28,1,70.00,'2025-03-12'),
                    (29,29,1,50.00,'2025-03-14'),
                    (30,30,1,49.90,'2025-03-15'),
                    (31,1,2,49.90,'2025-02-10'),
                    (32,2,2,75.50,'2025-02-12'),
                    (33,4,2,150.00,'2025-02-20'),
                    (34,6,2,90.00,'2025-02-25'),
                    (35,9,2,120.00,'2025-03-03'),
                    (36,11,2,90.00,'2025-03-06'),
                    (37,13,2,49.90,'2025-03-12'),
                    (38,16,2,80.00,'2025-03-16'),
                    (39,18,2,99.00,'2025-03-21'),
                    (40,20,2,65.00,'2025-03-25'),
                    (41,22,2,70.00,'2025-04-03'),
                    (42,24,2,33.33,'2025-04-06'),
                    (43,25,2,44.44,'2025-04-07'),
                    (44,26,2,88.88,'2025-04-10'),
                    (45,27,2,60.00,'2025-04-11'),
                    (46,28,2,70.00,'2025-04-12'),
                    (47,29,2,50.00,'2025-04-14'),
                    (48,30,2,49.90,'2025-04-15'),
                    (49,4,3,150.00,'2025-03-20'),
                    (50,6,3,90.00,'2025-03-25');
                    
		-- Criação da Tabela Transportadora
        CREATE TABLE Transportadora (
		ID_transportadora int NOT NULL PRIMARY KEY,
		nome_transportadora varchar(100) DEFAULT NULL,
		cnpj varchar(20) DEFAULT NULL,
		telefone varchar(20) DEFAULT NULL,
		email varchar(100) DEFAULT NULL,
		site varchar(100) DEFAULT NULL,
		tempo_medio_entrega int DEFAULT NULL,
		fk_ID_regiao int DEFAULT NULL,
		observacao text,
  CONSTRAINT Transportadora FOREIGN KEY (fk_ID_regiao) REFERENCES Regiao (ID_regiao)
);

INSERT INTO Transportadora (ID_transportadora, nome_transportadora, cnpj, telefone, email, site, tempo_medio_entrega, fk_ID_regiao, observacao)
VALUES 			(1,'TransBrasil Logística','12.345.678/0001-01','(11) 99999-0001','contato@transbrasil.com.br','www.transbrasil.com.br',3,1,'Atende toda a Grande São Paulo'),	
				(2,'Rápido RJ Express','23.456.789/0001-02','(21) 98888-0002','atendimento@rapidorj.com.br','www.rapidorj.com.br',2,2,'Especializada em entregas rápidas urbanas'),	
                (3,'Mineira Cargas','34.567.890/0001-03','(31) 97777-0003','contato@mineiracargas.com','www.mineiracargas.com',4,3,'Entrega com segurança e rastreamento'),
                (4,'Bahia Transportes','45.678.901/0001-04','(71) 96666-0004','sac@bahiatransportes.com.br','www.bahiatransportes.com.br',5,4,'Cobre toda a região nordeste'),
                (5,'Curitiba Encomendas','56.789.012/0001-05','(41) 95555-0005','suporte@curitibaencomendas.com','www.curitibaencomendas.com',2,5,'Frete expresso'),
                (6,'Recife Entregas','67.890.123/0001-06','(81) 94444-0006','info@recifeentregas.com','www.recifeentregas.com',4,6,'Atendimento empresarial'),
                (7,'Fortaleza Transportes','78.901.234/0001-07','(85) 93333-0007','contato@fortalezatransp.com.br','www.fortalezatransp.com.br',3,7,'Serviço interestadual'),
                (8,'Amazon Log','89.012.345/0001-08','(92) 92222-0008','amazon@amazonlog.com.br','www.amazonlog.com.br',6,8,'Entrega fluvial e terrestre'),
                (9,'Sul Cargas','90.123.456/0001-09','(51) 91111-0009','contato@sulcargas.com.br','www.sulcargas.com.br',3,9,'Atende RS e SC'),
                (10,'Belem Cargo','01.234.567/0001-10','(91) 90000-0010','sac@belemcargo.com','www.belemcargo.com',5,10,'Especializada em Norte/Nordeste'),
                (11,'Goiás Express','02.345.678/0001-11','(62) 99999-0011','goias@goiasexpress.com.br','www.goiasexpress.com.br',3,11,'Entregas interestaduais'),
                (12,'Cuiabá Logística','03.456.789/0001-12','(65) 98888-0012','contato@cuiabalog.com','www.cuiabalog.com',4,12,'Alta eficiência em entregas regionais'),
                (13,'Planalto Entregas','04.567.890/0001-13','(61) 97777-0013','atendimento@planaltoentregas.com','www.planaltoentregas.com',2,13,'Referência no DF'),
				(14,'Floripa Cargas','05.678.901/0001-14','(48) 96666-0014','sac@floripacargas.com.br','www.floripacargas.com.br',3,14,'Entrega rápida em SC'),
				(15,'Paraíba Entregas','06.789.012/0001-15','(83) 95555-0015','contato@paraibaentregas.com','www.paraibaentregas.com',4,15,NULL),
				(16,'Alagoas Transp','07.890.123/0001-16','(82) 94444-0016','sac@alagoastransp.com','www.alagoastransp.com',5,16,NULL),
				(17,'São Luís Log','08.901.234/0001-17','(98) 93333-0017','suporte@saoluislog.com','www.saoluislog.com',4,17,NULL),
				(18,'Vix Cargas','09.012.345/0001-18','(27) 92222-0018','atendimento@vixcargas.com','www.vixcargas.com',3,18,NULL),
				(19,'Natal Express','10.123.456/0001-19','(84) 91111-0019','natal@natalexpress.com.br','www.natalexpress.com.br',3,19,NULL),
				(20,'Palmas Rápido','11.234.567/0001-20','(63) 90000-0020','contato@palmasrapido.com','www.palmasrapido.com',5,20,NULL),
				(21,'Porto Velho Transportes','12.345.678/0001-21','(69) 99999-0021','pv@pvtransportes.com','www.pvtransportes.com',6,21,NULL),	
				(22,'Rio Branco Cargas','13.456.789/0001-22','(68) 98888-0022','sac@riobrancocargas.com','www.riobrancocargas.com',6,22,NULL),
                (23,'Aracaju Entregas','14.567.890/0001-23','(79) 97777-0023','aracaju@entregas.com','www.aracajuentregas.com',4,23,NULL),
				(24,'Teresina Logística','15.678.901/0001-24','(86) 96666-0024','contato@teresinalog.com','www.teresinalog.com',4,24,NULL),
				(25,'Boa Vista Transportes','16.789.012/0001-25','(95) 95555-0025','boavista@transportes.com','www.boavistatransportes.com',7,25,NULL),
				(26,'Macapá Rápido','17.890.123/0001-26','(96) 94444-0026','macapa@rapido.com','www.macaparapido.com',6,26,NULL),
                (27,'Campinas Envio','18.901.234/0001-27','(19) 93333-0027','sac@campinasenvio.com','www.campinasenvio.com',2,27,NULL),
                (28,'ABC Logística','19.012.345/0001-28','(11) 92222-0028','abc@logistica.com','www.abclogistica.com',3,28,NULL),
                (29,'Santo André Cargas','20.123.456/0001-29','(11) 91111-0029','sa@cargas.com','www.sacargas.com',2,29,NULL),
                (30,'Osasco Entregas','21.234.567/0001-30','(11) 90000-0030','osasco@entregas.com','www.osascoentregas.com',2,30,NULL),
                (31,'Niterói Log','22.345.678/0001-31','(21) 99999-0031','niteroi@logistica.com','www.niteroilog.com',2,31,NULL),
                (32,'Contagem Cargas','23.456.789/0001-32','(31) 98888-0032','contagem@cargas.com','www.contagemcargas.com',3,32,NULL),
                (33,'Uberlândia Encomendas','24.567.890/0001-33','(34) 97777-0033','uberlandia@encomendas.com','www.uberlandiaencomendas.com',3,33,NULL),
                (34,'Londrina Rápido','25.678.901/0001-34','(43) 96666-0034','londrina@rapido.com','www.londrinarapido.com',3,34,NULL),
                (35,'Maringá Transportes','26.789.012/0001-35','(44) 95555-0035','maringa@transportes.com','www.maringatransportes.com',2,35,NULL),
                (36,'Feira Express','27.890.123/0001-36','(75) 94444-0036','feira@express.com','www.feiraexpress.com',4,36,NULL),
                (37,'Jaboatão Entregas','28.901.234/0001-37','(81) 93333-0037','jaboatao@entregas.com','www.jaboataoentregas.com',3,37,NULL),
                (38,'Caucaia Logística','29.012.345/0001-38','(85) 92222-0038','caucaia@logistica.com','www.caucailogistica.com',3,38,NULL),
                (39,'Itacoatiara Envio','30.123.456/0001-39','(92) 91111-0039','itacoatiara@envio.com','www.itacoatiaraenvio.com',5,39,NULL),
                (40,'Caxias Transportes','31.234.567/0001-40','(54) 90000-0040','caxias@transportes.com','www.caxiastransportes.com',2,40,NULL),
                (41,'Ananindeua Entrega','32.345.678/0001-41','(91) 99999-0041','ananindeua@entrega.com','www.ananindeuaentrega.com',4,41,NULL),
                (42,'Aparecida Cargo','33.456.789/0001-42','(62) 98888-0042','aparecida@cargo.com','www.aparecidacargo.com',2,42,NULL),
                (43,'Campo Grande Express','34.567.890/0001-43','(67) 97777-0043','campogrande@express.com','www.campograndeexpress.com',3,43,NULL),
                (44,'Joinville Entregas','35.678.901/0001-44','(47) 96666-0044','joinville@entregas.com','www.joinvilleentregas.com',3,44,NULL),
                (45,'Blumenau Transportes','36.789.012/0001-45','(47) 95555-0045','blumenau@transportes.com','www.blumenautransportes.com',3,45,NULL),
                (46,'Campina Grande Log','37.890.123/0001-46','(83) 94444-0046','campinagrande@log.com','www.campinagrandelog.com',3,46,NULL),
                (47,'Arapiraca Rápido','38.901.234/0001-47','(82) 93333-0047','arapiraca@rapido.com','www.arapiracarapido.com',3,47,NULL),
                (48,'Vila Velha Cargo','39.012.345/0001-48','(27) 92222-0048','vilavelha@cargo.com','www.vilavelhacargo.com',3,48,NULL),
                (49,'Imperatriz Logística','40.123.456/0001-49','(99) 91111-0049','imperatriz@logistica.com','www.imperatrizlogistica.com',4,49,NULL),		
				(50,'Parnaíba Entregas','41.234.567/0001-50','(86) 90000-0050','parnaiba@entregas.com','www.parnaibaentregas.com',4,50,NULL);

-- Criação da Tebela Rastreamento
CREATE TABLE Rastreamento (
  ID_rastreamento INT NOT NULL PRIMARY KEY,
  status VARCHAR(50) DEFAULT NULL,
  data_status DATE DEFAULT NULL,
  codigo_rastreio VARCHAR(100) NOT NULL,
  fk_ID_venda INT NOT NULL,
  fk_ID_transportadora INT NOT NULL,
  observacao TEXT,
  CONSTRAINT FK_Rastreamento_Venda FOREIGN KEY (fk_ID_venda) REFERENCES Venda(ID_venda),
  CONSTRAINT FK_Rastreamento_Transportadora FOREIGN KEY (fk_ID_transportadora) REFERENCES Transportadora(ID_transportadora)
);


INSERT INTO Rastreamento (ID_rastreamento, status, data_status, codigo_rastreio, fk_ID_venda, fk_ID_transportadora, observacao)
VALUES 			(1,'Pedido recebido','2025-01-02','BR000001A1',1,3,'Pedido confirmado no sistema'),
				(2,'Separando produtos','2025-01-03','BR000002B2',2,12,'Em separação no centro de distribuição'),
				(3,'Enviado','2025-01-04','BR000003C3',3,7,'Despachado via transportadora'),
				(4,'Saiu para entrega','2025-01-06','BR000004D4',4,22,'Saiu do centro logístico'),
				(5,'Entregue','2025-01-07','BR000005E5',5,15,'Entregue ao cliente com sucesso'),
				(6,'A caminho','2025-01-05','BR000006F6',6,9,'Rota normal de entrega'),
				(7,'Atrasado','2025-01-06','BR000007G7',7,19,'Atraso por causa de chuvas'),
                (8,'Cancelado','2025-01-03','BR000008H8',8,8,'Pedido cancelado pelo cliente'),
                (9,'Separando produtos','2025-01-02','BR000009I9',9,1,'Faltando item no estoque'),
                (10,'Saiu para entrega','2025-01-08','BR000010J0',10,6,'Em rota para entrega ao cliente'),
                (11,'Pedido recebido','2025-01-01','BR000011K1',11,10,NULL),
                (12,'A caminho','2025-01-04','BR000012L2',12,14,'Pedido em trânsito'),
                (13,'Entregue','2025-01-09','BR000013M3',13,3,NULL),
                (14,'Enviado','2025-01-05','BR000014N4',14,2,'Saiu do centro em São Paulo'),
                (15,'Atrasado','2025-01-06','BR000015O5',15,5,'Greve dos caminhoneiros'),
                (16,'Cancelado','2025-01-07','BR000016P6',16,4,'Cancelado por não pagamento'),
                (17,'Separando produtos','2025-01-03','BR000017Q7',17,18,'Aguardando item chegar do fornecedor'),
                (18,'Saiu para entrega','2025-01-09','BR000018R8',18,25,'Entregador saiu às 09h'),
                (19,'Entregue','2025-01-10','BR000019S9',19,27,NULL),
                (20,'A caminho','2025-01-05','BR000020T0',20,30,'Pedido em rota')
                ,(21,'Pedido recebido','2025-01-02','BR000021U1',21,11,NULL),
                (22,'Separando produtos','2025-01-03','BR000022V2',22,13,NULL),
                (23,'Enviado','2025-01-04','BR000023W3',23,24,NULL),
                (24,'Saiu para entrega','2025-01-05','BR000024X4',24,17,NULL),
                (25,'Entregue','2025-01-06','BR000025Y5',25,20,NULL),
                (26,'Cancelado','2025-01-03','BR000026Z6',26,28,'Cancelado por erro no sistema'),
                (27,'Atrasado','2025-01-05','BR000027A7',27,16,'Rota congestionada'),
                (28,'Separando produtos','2025-01-04','BR000028B8',28,29,NULL),
                (29,'Saiu para entrega','2025-01-06','BR000029C9',29,31,NULL),
                (30,'Entregue','2025-01-07','BR000030D0',30,32,NULL),
                (31,'Pedido recebido','2025-01-01','BR000031E1',31,33,NULL),
                (32,'A caminho','2025-01-04','BR000032F2',32,34,NULL),
                (33,'Cancelado','2025-01-03','BR000033G3',33,35,'Cancelado pelo SAC'),
                (34,'Atrasado','2025-01-06','BR000034H4',34,36,'Problemas no trajeto'),
                (35,'Enviado','2025-01-04','BR000035I5',35,37,NULL),
                (36,'Separando produtos','2025-01-03','BR000036J6',36,38,NULL),
                (37,'Saiu para entrega','2025-01-05','BR000037K7',37,39,NULL),
                (38,'Entregue','2025-01-06','BR000038L8',38,40,NULL),
                (39,'Cancelado','2025-01-02','BR000039M9',39,41,'Problema no cartão'),
                (40,'Pedido recebido','2025-01-01','BR000040N0',40,42,NULL),
                (41,'A caminho','2025-01-04','BR000041O1',41,43,NULL),
                (42,'Atrasado','2025-01-05','BR000042P2',42,44,'Motivo desconhecido'),
                (43,'Separando produtos','2025-01-03','BR000043Q3',43,45,NULL),
                (44,'Saiu para entrega','2025-01-06','BR000044R4',44,46,NULL),
                (45,'Entregue','2025-01-07','BR000045S5',45,47,NULL),
                (46,'Enviado','2025-01-04','BR000046T6',46,48,NULL),
                (47,'Cancelado','2025-01-02','BR000047U7',47,49,NULL),
                (48,'Separando produtos','2025-01-03','BR000048V8',48,50,NULL),
                (49,'Saiu para entrega','2025-01-06','BR000049W9',49,2,NULL),
                (50,'Entregue','2025-01-07','BR000050X0',50,4,NULL);
                                
-- Criação da Tabela Sac
CREATE TABLE Sac (
  ID_sac INT NOT NULL PRIMARY KEY,
  data_registro DATE DEFAULT NULL,
  tipo_chamado VARCHAR(30) DEFAULT NULL,
  descricao TEXT,
  status VARCHAR(20) DEFAULT NULL,
  resposta TEXT,
  canal_contato INT DEFAULT NULL,
  fk_ID_cliente INT DEFAULT NULL,
  fk_ID_venda INT DEFAULT NULL,
  CONSTRAINT FK_Sac_Cliente FOREIGN KEY (fk_ID_cliente) REFERENCES Cliente(ID_cliente),
  CONSTRAINT FK_Sac_Venda FOREIGN KEY (fk_ID_venda) REFERENCES Venda(ID_venda)
);

INSERT INTO Sac (ID_sac, data_registro, tipo_chamado, descricao, status, resposta, canal_contato, fk_ID_cliente, fk_ID_venda)
VALUES 			(1,'2023-01-05','Reclamação','Produto chegou com defeito.','Resolvido','Produto substituído.',1,1,1),
				(2,'2023-01-10','Dúvida','Qual o prazo de entrega?','Fechado','Prazo de 5 dias úteis.',2,2,2),
                (3,'2023-01-20','Troca','Solicito troca por tamanho errado.','Em atendimento',NULL,3,3,3),
                (4,'2023-01-28','Elogio','Atendimento excelente.','Fechado','Agradecemos o feedback!',1,4,4),
                (5,'2023-02-02','Sugestão','Ofereçam embalagem reciclável.','Fechado','Encaminhado ao setor responsável.',4,5,5),
                (6,'2023-02-10','Reclamação','Pedido atrasado.','Resolvido','Pedido entregue no dia seguinte.',2,6,6),
                (7,'2023-02-14','Erro no pedido','Recebi produto diferente.','Resolvido','Enviamos o item correto.',1,7,7),
                (8,'2023-03-01','Dúvida','Posso parcelar a compra?','Fechado','Sim, em até 6x.',3,8,8),
                (9,'2023-03-10','Reclamação','Cobrança duplicada.','Resolvido','Estorno realizado.',2,9,9),
                (10,'2023-03-15','Elogio','Muito satisfeito com o produto.','Fechado','Ficamos felizes com seu feedback!',5,10,10),
                (11,'2023-03-21','Troca','Produto veio com mancha.','Em atendimento',NULL,1,11,11),
                (12,'2023-03-29','Cancelamento','Desisti da compra.','Cancelado','Cancelamento efetuado.',4,12,12),
                (13,'2023-04-04','Reclamação','Falta peça no kit.','Resolvido','Peça enviada separadamente.',3,13,13),
                (14,'2023-04-11','Dúvida','Como usar o cupom de desconto?','Fechado','Digite o código no checkout.',1,14,14),
                (15,'2023-04-18','Erro no pedido','Pedi azul, veio vermelho.','Resolvido','Nova peça enviada.',2,15,15),
                (16,'2023-04-23','Elogio','Entrega super rápida.','Fechado','Agradecemos!',5,16,16),
                (17,'2023-04-29','Sugestão','Implementem rastreio no app.','Fechado','Encaminhado à TI.',4,17,17),
                (18,'2023-05-06','Reclamação','Produto com cheiro forte.','Fechado','Pedimos desculpas.',1,18,18),
                (19,'2023-05-14','Dúvida','Tem loja física?','Fechado','Somente online por enquanto.',2,19,19),
                (20,'2023-05-20','Troca','Tamanho incompatível.','Resolvido','Nova peça enviada.',3,20,20),
                (21,'2023-06-02','Reclamação','Cartão foi recusado.','Fechado','Orientamos nova tentativa.',1,21,21),
                (22,'2023-06-09','Dúvida','Qual o prazo para devolução?','Fechado','Prazo de 7 dias.',2,22,22),
                (23,'2023-06-15','Cancelamento','Comprei por engano.','Resolvido','Cancelado e reembolsado.',3,23,23),
                (24,'2023-06-22','Sugestão','Mais opções de cores.','Fechado','Encaminhado.',4,24,24),
                (25,'2023-06-30','Reclamação','Suporte não responde.','Resolvido','Contato refeito com cliente.',5,25,25),
                (26,'2023-07-07','Dúvida','Qual o material da peça?','Fechado','É de algodão.',1,26,26),
                (27,'2023-07-14','Erro no pedido','Comprei um e vieram dois.','Resolvido','Pode ficar com o item extra.',2,27,27),
                (28,'2023-07-20','Troca','Produto muito pequeno.','Resolvido','Enviamos tamanho maior.',3,28,28),
                (29,'2023-07-27','Cancelamento','Mudança de endereço.','Cancelado','Cancelado sem cobrança.',4,29,29),
                (30,'2023-08-02','Reclamação','Atendente mal educado.','Resolvido','Pedido de desculpas formal enviado.',5,30,30),
                (31,'2023-08-09','Dúvida','Aceitam Pix?','Fechado','Sim, aceitamos.',1,31,31),
                (32,'2023-08-15','Elogio','Caixa muito bem embalada.','Fechado','Obrigado pelo elogio.',2,32,32),
                (33,'2023-08-23','Reclamação','Produto vencido.','Resolvido','Substituído com brinde.',3,33,33),
                (34,'2023-09-01','Troca','Modelo errado.','Resolvido','Nova unidade enviada.',4,34,34),
                (35,'2023-09-08','Sugestão','Mais opções veganas.','Fechado','Sugestão registrada.',5,35,35),
                (36,'2023-09-16','Erro no pedido','Quantidade incorreta.','Resolvido','Reenviamos faltantes.',1,36,36),
                (37,'2023-09-22','Dúvida','Produto é lavável?','Fechado','Sim, pode lavar normalmente.',2,37,37),
                (38,'2023-09-29','Reclamação','Preço mudou após a compra.','Fechado','Preço válido na data da compra.',3,38,38),
                (39,'2023-10-05','Cancelamento','Preferi outra loja.','Cancelado','Cancelamento concluído.',4,39,39),
                (40,'2023-10-13','Dúvida','Como usar o crédito?','Fechado','Aplicável no carrinho.',5,40,40),
				(41,'2023-10-21','Reclamação','Produto riscado.','Resolvido','Substituição feita.',1,41,41),
                (42,'2023-10-28','Troca','Cor divergente da foto.','Resolvido','Nova cor enviada.',2,42,42),
                (43,'2023-11-04','Sugestão','Venda por atacado.','Fechado','Encaminhado ao setor comercial.',3,43,43),
                (44,'2023-11-12','Erro no pedido','Veio sem manual.','Fechado','Manual enviado por e-mail.',4,44,44),
                (45,'2023-11-19','Cancelamento','Vi que está mais barato.','Cancelado','Cancelado sem custo.',5,45,45),
                (46,'2023-11-26','Dúvida','Qual o peso do produto?','Fechado','500g.',1,46,46),
                (47,'2023-12-04','Reclamação','Produto vazando.','Resolvido','Reposição enviada.',2,47,47),
                (48,'2023-12-12','Elogio','Ótimo atendimento no chat.','Fechado','Agradecemos o carinho.',3,48,48),
                (49,'2023-12-19','Erro no pedido','Produto com etiqueta errada.','Resolvido','Reenvio feito.',4,49,49),
                (50,'2023-12-26','Troca','Quero outro modelo.','Em atendimento',NULL,5,50,50);




