use projetomodafeminina;
REPLACE INTO Canais (id_canal, nome_canal) VALUES (1, 'Site');
REPLACE INTO Canais (id_canal, nome_canal) VALUES (2, 'App');
REPLACE INTO Canais (id_canal, nome_canal) VALUES (3, 'Loja Física');

REPLACE INTO Cliente_Campanha (fk_id_cliente, fk_id_campanha) VALUES (11, 1);
REPLACE INTO Cliente_Campanha (fk_id_cliente, fk_id_campanha) VALUES (20, 1);
REPLACE INTO Cliente_Campanha (fk_id_cliente, fk_id_campanha) VALUES (2, 1);
REPLACE INTO Cliente_Campanha (fk_id_cliente, fk_id_campanha) VALUES (6, 1);
REPLACE INTO Cliente_Campanha (fk_id_cliente, fk_id_campanha) VALUES (5, 1);
REPLACE INTO Cliente_Campanha (fk_id_cliente, fk_id_campanha) VALUES (11, 2);
REPLACE INTO Cliente_Campanha (fk_id_cliente, fk_id_campanha) VALUES (18, 2);
REPLACE INTO Cliente_Campanha (fk_id_cliente, fk_id_campanha) VALUES (20, 2);
REPLACE INTO Cliente_Campanha (fk_id_cliente, fk_id_campanha) VALUES (8, 2);
REPLACE INTO Cliente_Campanha (fk_id_cliente, fk_id_campanha) VALUES (6, 2);
REPLACE INTO Cliente_Campanha (fk_id_cliente, fk_id_campanha) VALUES (1, 3);
REPLACE INTO Cliente_Campanha (fk_id_cliente, fk_id_campanha) VALUES (14, 3);
REPLACE INTO Cliente_Campanha (fk_id_cliente, fk_id_campanha) VALUES (3, 3);
REPLACE INTO Cliente_Campanha (fk_id_cliente, fk_id_campanha) VALUES (13, 3);
REPLACE INTO Cliente_Campanha (fk_id_cliente, fk_id_campanha) VALUES (18, 3);
REPLACE INTO Cliente_Campanha (fk_id_cliente, fk_id_campanha) VALUES (1, 4);
REPLACE INTO Cliente_Campanha (fk_id_cliente, fk_id_campanha) VALUES (11, 4);
REPLACE INTO Cliente_Campanha (fk_id_cliente, fk_id_campanha) VALUES (15, 4);
REPLACE INTO Cliente_Campanha (fk_id_cliente, fk_id_campanha) VALUES (4, 4);
REPLACE INTO Cliente_Campanha (fk_id_cliente, fk_id_campanha) VALUES (2, 4);
REPLACE INTO Cliente_Campanha (fk_id_cliente, fk_id_campanha) VALUES (3, 5);
REPLACE INTO Cliente_Campanha (fk_id_cliente, fk_id_campanha) VALUES (5, 5);
REPLACE INTO Cliente_Campanha (fk_id_cliente, fk_id_campanha) VALUES (19, 5);
REPLACE INTO Cliente_Campanha (fk_id_cliente, fk_id_campanha) VALUES (1, 5);
REPLACE INTO Cliente_Campanha (fk_id_cliente, fk_id_campanha) VALUES (10, 5);

INSERT INTO Vendas (id_venda, data_venda, fk_id_cliente, fk_id_canal, fk_id_campanha, total) VALUES (1, '2025-04-29', 11, 3, 4, 244.8);
INSERT INTO Itens_Venda (id_item, fk_id_venda, fk_id_produto, quantidade, preco_unitario) VALUES (1, 1, 10, 3, 81.6);
INSERT INTO Pagamentos (id_pagamento, forma_pagamento, valor_pago, fk_id_venda) VALUES (1, 'Boleto', 244.8, 1);
INSERT INTO Sazonalidade (id_tempo, data, mes, trimestre, estacao, ano) VALUES (1, '2025-04-29', 4, 2, 'Inverno', 2025);
INSERT INTO Tempo_Venda (fk_id_venda, fk_id_tempo) VALUES (1, 1);
INSERT INTO Vendas (id_venda, data_venda, fk_id_cliente, fk_id_canal, fk_id_campanha, total) VALUES (2, '2025-03-16', 1, 2, 5, 404.07);
INSERT INTO Itens_Venda (id_item, fk_id_venda, fk_id_produto, quantidade, preco_unitario) VALUES (2, 2, 9, 3, 134.69);
INSERT INTO Pagamentos (id_pagamento, forma_pagamento, valor_pago, fk_id_venda) VALUES (2, 'Boleto', 404.07, 2);
INSERT INTO Sazonalidade (id_tempo, data, mes, trimestre, estacao, ano) VALUES (2, '2025-03-16', 3, 1, 'Primavera', 2025);
INSERT INTO Tempo_Venda (fk_id_venda, fk_id_tempo) VALUES (2, 2);
INSERT INTO Vendas (id_venda, data_venda, fk_id_cliente, fk_id_canal, fk_id_campanha, total) VALUES (3, '2025-05-04', 17, 3, 4, 362.17);
INSERT INTO Itens_Venda (id_item, fk_id_venda, fk_id_produto, quantidade, preco_unitario) VALUES (3, 3, 1, 3, 120.72);
INSERT INTO Pagamentos (id_pagamento, forma_pagamento, valor_pago, fk_id_venda) VALUES (3, 'Cartão', 362.17, 3);
INSERT INTO Sazonalidade (id_tempo, data, mes, trimestre, estacao, ano) VALUES (3, '2025-05-04', 5, 2, 'Verão', 2025);
INSERT INTO Tempo_Venda (fk_id_venda, fk_id_tempo) VALUES (3, 3);
INSERT INTO Vendas (id_venda, data_venda, fk_id_cliente, fk_id_canal, fk_id_campanha, total) VALUES (4, '2025-03-10', 16, 3, 3, 219.09);
INSERT INTO Itens_Venda (id_item, fk_id_venda, fk_id_produto, quantidade, preco_unitario) VALUES (4, 4, 6, 3, 73.03);
INSERT INTO Pagamentos (id_pagamento, forma_pagamento, valor_pago, fk_id_venda) VALUES (4, 'Pix', 219.09, 4);
INSERT INTO Sazonalidade (id_tempo, data, mes, trimestre, estacao, ano) VALUES (4, '2025-03-10', 3, 1, 'Verão', 2025);
INSERT INTO Tempo_Venda (fk_id_venda, fk_id_tempo) VALUES (4, 4);
INSERT INTO Vendas (id_venda, data_venda, fk_id_cliente, fk_id_canal, fk_id_campanha, total) VALUES (5, '2025-04-18', 15, 2, 5, 645.12);
INSERT INTO Itens_Venda (id_item, fk_id_venda, fk_id_produto, quantidade, preco_unitario) VALUES (5, 5, 1, 1, 645.12);
INSERT INTO Pagamentos (id_pagamento, forma_pagamento, valor_pago, fk_id_venda) VALUES (5, 'Boleto', 645.12, 5);
INSERT INTO Sazonalidade (id_tempo, data, mes, trimestre, estacao, ano) VALUES (5, '2025-04-18', 4, 2, 'Verão', 2025);
INSERT INTO Tempo_Venda (fk_id_venda, fk_id_tempo) VALUES (5, 5);
INSERT INTO Vendas (id_venda, data_venda, fk_id_cliente, fk_id_canal, fk_id_campanha, total) VALUES (6, '2025-04-08', 12, 1, 3, 798.29);
INSERT INTO Itens_Venda (id_item, fk_id_venda, fk_id_produto, quantidade, preco_unitario) VALUES (6, 6, 7, 3, 266.1);
INSERT INTO Pagamentos (id_pagamento, forma_pagamento, valor_pago, fk_id_venda) VALUES (6, 'Boleto', 798.29, 6);
INSERT INTO Sazonalidade (id_tempo, data, mes, trimestre, estacao, ano) VALUES (6, '2025-04-08', 4, 2, 'Verão', 2025);
INSERT INTO Tempo_Venda (fk_id_venda, fk_id_tempo) VALUES (6, 6);
INSERT INTO Vendas (id_venda, data_venda, fk_id_cliente, fk_id_canal, fk_id_campanha, total) VALUES (7, '2025-04-29', 10, 2, 2, 480.92);
INSERT INTO Itens_Venda (id_item, fk_id_venda, fk_id_produto, quantidade, preco_unitario) VALUES (7, 7, 3, 1, 480.92);
INSERT INTO Pagamentos (id_pagamento, forma_pagamento, valor_pago, fk_id_venda) VALUES (7, 'Boleto', 480.92, 7);
INSERT INTO Sazonalidade (id_tempo, data, mes, trimestre, estacao, ano) VALUES (7, '2025-04-29', 4, 2, 'Primavera', 2025);
INSERT INTO Tempo_Venda (fk_id_venda, fk_id_tempo) VALUES (7, 7);
INSERT INTO Vendas (id_venda, data_venda, fk_id_cliente, fk_id_canal, fk_id_campanha, total) VALUES (8, '2025-04-04', 13, 2, 1, 107.11);
INSERT INTO Itens_Venda (id_item, fk_id_venda, fk_id_produto, quantidade, preco_unitario) VALUES (8, 8, 8, 1, 107.11);
INSERT INTO Pagamentos (id_pagamento, forma_pagamento, valor_pago, fk_id_venda) VALUES (8, 'Cartão', 107.11, 8);
INSERT INTO Sazonalidade (id_tempo, data, mes, trimestre, estacao, ano) VALUES (8, '2025-04-04', 4, 2, 'Inverno', 2025);
INSERT INTO Tempo_Venda (fk_id_venda, fk_id_tempo) VALUES (8, 8);
INSERT INTO Vendas (id_venda, data_venda, fk_id_cliente, fk_id_canal, fk_id_campanha, total) VALUES (9, '2025-04-16', 12, 3, 3, 768.27);
INSERT INTO Itens_Venda (id_item, fk_id_venda, fk_id_produto, quantidade, preco_unitario) VALUES (9, 9, 7, 1, 768.27);
INSERT INTO Pagamentos (id_pagamento, forma_pagamento, valor_pago, fk_id_venda) VALUES (9, 'Cartão', 768.27, 9);
INSERT INTO Sazonalidade (id_tempo, data, mes, trimestre, estacao, ano) VALUES (9, '2025-04-16', 4, 2, 'Verão', 2025);
INSERT INTO Tempo_Venda (fk_id_venda, fk_id_tempo) VALUES (9, 9);
INSERT INTO Vendas (id_venda, data_venda, fk_id_cliente, fk_id_canal, fk_id_campanha, total) VALUES (10, '2025-03-21', 17, 2, 1, 158.03);
INSERT INTO Itens_Venda (id_item, fk_id_venda, fk_id_produto, quantidade, preco_unitario) VALUES (10, 10, 1, 3, 52.68);
INSERT INTO Pagamentos (id_pagamento, forma_pagamento, valor_pago, fk_id_venda) VALUES (10, 'Pix', 158.03, 10);
INSERT INTO Sazonalidade (id_tempo, data, mes, trimestre, estacao, ano) VALUES (10, '2025-03-21', 3, 1, 'Verão', 2025);
INSERT INTO Tempo_Venda (fk_id_venda, fk_id_tempo) VALUES (10, 10);
INSERT INTO Vendas (id_venda, data_venda, fk_id_cliente, fk_id_canal, fk_id_campanha, total) VALUES (11, '2025-03-25', 18, 3, 4, 120.4);
INSERT INTO Itens_Venda (id_item, fk_id_venda, fk_id_produto, quantidade, preco_unitario) VALUES (11, 11, 6, 2, 60.2);
INSERT INTO Pagamentos (id_pagamento, forma_pagamento, valor_pago, fk_id_venda) VALUES (11, 'Pix', 120.4, 11);
INSERT INTO Sazonalidade (id_tempo, data, mes, trimestre, estacao, ano) VALUES (11, '2025-03-25', 3, 1, 'Verão', 2025);
INSERT INTO Tempo_Venda (fk_id_venda, fk_id_tempo) VALUES (11, 11);
INSERT INTO Vendas (id_venda, data_venda, fk_id_cliente, fk_id_canal, fk_id_campanha, total) VALUES (12, '2025-04-24', 18, 2, 4, 343.86);
INSERT INTO Itens_Venda (id_item, fk_id_venda, fk_id_produto, quantidade, preco_unitario) VALUES (12, 12, 3, 2, 171.93);
INSERT INTO Pagamentos (id_pagamento, forma_pagamento, valor_pago, fk_id_venda) VALUES (12, 'Cartão', 343.86, 12);
INSERT INTO Sazonalidade (id_tempo, data, mes, trimestre, estacao, ano) VALUES (12, '2025-04-24', 4, 2, 'Outono', 2025);
INSERT INTO Tempo_Venda (fk_id_venda, fk_id_tempo) VALUES (12, 12);
INSERT INTO Vendas (id_venda, data_venda, fk_id_cliente, fk_id_canal, fk_id_campanha, total) VALUES (13, '2025-04-08', 12, 3, 2, 620.88);
INSERT INTO Itens_Venda (id_item, fk_id_venda, fk_id_produto, quantidade, preco_unitario) VALUES (13, 13, 1, 3, 206.96);
INSERT INTO Pagamentos (id_pagamento, forma_pagamento, valor_pago, fk_id_venda) VALUES (13, 'Pix', 620.88, 13);
INSERT INTO Sazonalidade (id_tempo, data, mes, trimestre, estacao, ano) VALUES (13, '2025-04-08', 4, 2, 'Inverno', 2025);
INSERT INTO Tempo_Venda (fk_id_venda, fk_id_tempo) VALUES (13, 13);
INSERT INTO Vendas (id_venda, data_venda, fk_id_cliente, fk_id_canal, fk_id_campanha, total) VALUES (14, '2025-03-16', 5, 3, 3, 643.29);
INSERT INTO Itens_Venda (id_item, fk_id_venda, fk_id_produto, quantidade, preco_unitario) VALUES (14, 14, 7, 2, 321.64);
INSERT INTO Pagamentos (id_pagamento, forma_pagamento, valor_pago, fk_id_venda) VALUES (14, 'Cartão', 643.29, 14);
INSERT INTO Sazonalidade (id_tempo, data, mes, trimestre, estacao, ano) VALUES (14, '2025-03-16', 3, 1, 'Inverno', 2025);
INSERT INTO Tempo_Venda (fk_id_venda, fk_id_tempo) VALUES (14, 14);
INSERT INTO Vendas (id_venda, data_venda, fk_id_cliente, fk_id_canal, fk_id_campanha, total) VALUES (15, '2025-05-01', 17, 1, 2, 661.59);
INSERT INTO Itens_Venda (id_item, fk_id_venda, fk_id_produto, quantidade, preco_unitario) VALUES (15, 15, 7, 2, 330.8);
INSERT INTO Pagamentos (id_pagamento, forma_pagamento, valor_pago, fk_id_venda) VALUES (15, 'Cartão', 661.59, 15);
INSERT INTO Sazonalidade (id_tempo, data, mes, trimestre, estacao, ano) VALUES (15, '2025-05-01', 5, 2, 'Outono', 2025);
INSERT INTO Tempo_Venda (fk_id_venda, fk_id_tempo) VALUES (15, 15);
INSERT INTO Vendas (id_venda, data_venda, fk_id_cliente, fk_id_canal, fk_id_campanha, total) VALUES (16, '2025-03-30', 15, 3, 1, 344.68);
INSERT INTO Itens_Venda (id_item, fk_id_venda, fk_id_produto, quantidade, preco_unitario) VALUES (16, 16, 8, 2, 172.34);
INSERT INTO Pagamentos (id_pagamento, forma_pagamento, valor_pago, fk_id_venda) VALUES (16, 'Pix', 344.68, 16);
INSERT INTO Sazonalidade (id_tempo, data, mes, trimestre, estacao, ano) VALUES (16, '2025-03-30', 3, 1, 'Verão', 2025);
INSERT INTO Tempo_Venda (fk_id_venda, fk_id_tempo) VALUES (16, 16);
INSERT INTO Vendas (id_venda, data_venda, fk_id_cliente, fk_id_canal, fk_id_campanha, total) VALUES (17, '2025-04-03', 6, 3, 3, 709.98);
INSERT INTO Itens_Venda (id_item, fk_id_venda, fk_id_produto, quantidade, preco_unitario) VALUES (17, 17, 9, 3, 236.66);
INSERT INTO Pagamentos (id_pagamento, forma_pagamento, valor_pago, fk_id_venda) VALUES (17, 'Cartão', 709.98, 17);
INSERT INTO Sazonalidade (id_tempo, data, mes, trimestre, estacao, ano) VALUES (17, '2025-04-03', 4, 2, 'Inverno', 2025);
INSERT INTO Tempo_Venda (fk_id_venda, fk_id_tempo) VALUES (17, 17);
INSERT INTO Vendas (id_venda, data_venda, fk_id_cliente, fk_id_canal, fk_id_campanha, total) VALUES (18, '2025-04-09', 17, 1, 5, 608.43);
INSERT INTO Itens_Venda (id_item, fk_id_venda, fk_id_produto, quantidade, preco_unitario) VALUES (18, 18, 4, 3, 202.81);
INSERT INTO Pagamentos (id_pagamento, forma_pagamento, valor_pago, fk_id_venda) VALUES (18, 'Pix', 608.43, 18);
INSERT INTO Sazonalidade (id_tempo, data, mes, trimestre, estacao, ano) VALUES (18, '2025-04-09', 4, 2, 'Verão', 2025);
INSERT INTO Tempo_Venda (fk_id_venda, fk_id_tempo) VALUES (18, 18);
INSERT INTO Vendas (id_venda, data_venda, fk_id_cliente, fk_id_canal, fk_id_campanha, total) VALUES (19, '2025-04-14', 9, 3, 2, 242.29);
INSERT INTO Itens_Venda (id_item, fk_id_venda, fk_id_produto, quantidade, preco_unitario) VALUES (19, 19, 6, 2, 121.14);
INSERT INTO Pagamentos (id_pagamento, forma_pagamento, valor_pago, fk_id_venda) VALUES (19, 'Pix', 242.29, 19);
INSERT INTO Sazonalidade (id_tempo, data, mes, trimestre, estacao, ano) VALUES (19, '2025-04-14', 4, 2, 'Verão', 2025);
INSERT INTO Tempo_Venda (fk_id_venda, fk_id_tempo) VALUES (19, 19);
INSERT INTO Vendas (id_venda, data_venda, fk_id_cliente, fk_id_canal, fk_id_campanha, total) VALUES (20, '2025-03-28', 17, 1, 2, 453.59);
INSERT INTO Itens_Venda (id_item, fk_id_venda, fk_id_produto, quantidade, preco_unitario) VALUES (20, 20, 1, 1, 453.59);
INSERT INTO Pagamentos (id_pagamento, forma_pagamento, valor_pago, fk_id_venda) VALUES (20, 'Pix', 453.59, 20);
INSERT INTO Sazonalidade (id_tempo, data, mes, trimestre, estacao, ano) VALUES (20, '2025-03-28', 3, 1, 'Outono', 2025);
INSERT INTO Tempo_Venda (fk_id_venda, fk_id_tempo) VALUES (20, 20);
INSERT INTO Acessos_Clientes (id_acesso, fk_id_cliente, data_acesso, origem_acesso) VALUES (1, 3, '2025-02-05', 'Email');
INSERT INTO Acessos_Clientes (id_acesso, fk_id_cliente, data_acesso, origem_acesso) VALUES (2, 11, '2025-04-12', 'Instagram');
INSERT INTO Acessos_Clientes (id_acesso, fk_id_cliente, data_acesso, origem_acesso) VALUES (3, 11, '2025-02-26', 'Email');
INSERT INTO Acessos_Clientes (id_acesso, fk_id_cliente, data_acesso, origem_acesso) VALUES (4, 18, '2025-02-28', 'Instagram');
INSERT INTO Acessos_Clientes (id_acesso, fk_id_cliente, data_acesso, origem_acesso) VALUES (5, 18, '2025-02-13', 'Instagram');
INSERT INTO Acessos_Clientes (id_acesso, fk_id_cliente, data_acesso, origem_acesso) VALUES (6, 16, '2025-02-08', 'Google');
INSERT INTO Acessos_Clientes (id_acesso, fk_id_cliente, data_acesso, origem_acesso) VALUES (7, 13, '2025-03-12', 'Instagram');
INSERT INTO Acessos_Clientes (id_acesso, fk_id_cliente, data_acesso, origem_acesso) VALUES (8, 9, '2025-04-19', 'Email');
INSERT INTO Acessos_Clientes (id_acesso, fk_id_cliente, data_acesso, origem_acesso) VALUES (9, 19, '2025-04-09', 'Google');
INSERT INTO Acessos_Clientes (id_acesso, fk_id_cliente, data_acesso, origem_acesso) VALUES (10, 11, '2025-03-23', 'Google');
INSERT INTO Acessos_Clientes (id_acesso, fk_id_cliente, data_acesso, origem_acesso) VALUES (11, 8, '2025-03-20', 'Email');
INSERT INTO Acessos_Clientes (id_acesso, fk_id_cliente, data_acesso, origem_acesso) VALUES (12, 5, '2025-02-26', 'Email');
INSERT INTO Acessos_Clientes (id_acesso, fk_id_cliente, data_acesso, origem_acesso) VALUES (13, 1, '2025-04-07', 'Email');
INSERT INTO Acessos_Clientes (id_acesso, fk_id_cliente, data_acesso, origem_acesso) VALUES (14, 20, '2025-03-24', 'Google');
INSERT INTO Acessos_Clientes (id_acesso, fk_id_cliente, data_acesso, origem_acesso) VALUES (15, 11, '2025-02-17', 'Email');
INSERT INTO Acessos_Clientes (id_acesso, fk_id_cliente, data_acesso, origem_acesso) VALUES (16, 19, '2025-02-21', 'Instagram');
INSERT INTO Acessos_Clientes (id_acesso, fk_id_cliente, data_acesso, origem_acesso) VALUES (17, 2, '2025-03-27', 'Google');
INSERT INTO Acessos_Clientes (id_acesso, fk_id_cliente, data_acesso, origem_acesso) VALUES (18, 15, '2025-03-21', 'Google');
INSERT INTO Acessos_Clientes (id_acesso, fk_id_cliente, data_acesso, origem_acesso) VALUES (19, 14, '2025-03-28', 'Google');
INSERT INTO Acessos_Clientes (id_acesso, fk_id_cliente, data_acesso, origem_acesso) VALUES (20, 12, '2025-03-29', 'Instagram');
INSERT INTO Acessos_Clientes (id_acesso, fk_id_cliente, data_acesso, origem_acesso) VALUES (21, 15, '2025-04-30', 'Google');
INSERT INTO Acessos_Clientes (id_acesso, fk_id_cliente, data_acesso, origem_acesso) VALUES (22, 7, '2025-04-19', 'Instagram');
INSERT INTO Acessos_Clientes (id_acesso, fk_id_cliente, data_acesso, origem_acesso) VALUES (23, 13, '2025-02-18', 'Instagram');
INSERT INTO Acessos_Clientes (id_acesso, fk_id_cliente, data_acesso, origem_acesso) VALUES (24, 14, '2025-03-15', 'Google');
INSERT INTO Acessos_Clientes (id_acesso, fk_id_cliente, data_acesso, origem_acesso) VALUES (25, 17, '2025-02-24', 'Google');
INSERT INTO Acessos_Clientes (id_acesso, fk_id_cliente, data_acesso, origem_acesso) VALUES (26, 6, '2025-05-04', 'Email');
INSERT INTO Acessos_Clientes (id_acesso, fk_id_cliente, data_acesso, origem_acesso) VALUES (27, 13, '2025-03-04', 'Google');
INSERT INTO Acessos_Clientes (id_acesso, fk_id_cliente, data_acesso, origem_acesso) VALUES (28, 3, '2025-04-12', 'Google');
INSERT INTO Acessos_Clientes (id_acesso, fk_id_cliente, data_acesso, origem_acesso) VALUES (29, 4, '2025-04-05', 'Google');
INSERT INTO Acessos_Clientes (id_acesso, fk_id_cliente, data_acesso, origem_acesso) VALUES (30, 17, '2025-04-10', 'Email');
INSERT INTO Acessos_Clientes (id_acesso, fk_id_cliente, data_acesso, origem_acesso) VALUES (31, 11, '2025-04-23', 'Instagram');
INSERT INTO Acessos_Clientes (id_acesso, fk_id_cliente, data_acesso, origem_acesso) VALUES (32, 13, '2025-04-24', 'Instagram');
INSERT INTO Acessos_Clientes (id_acesso, fk_id_cliente, data_acesso, origem_acesso) VALUES (33, 19, '2025-03-31', 'Google');
INSERT INTO Acessos_Clientes (id_acesso, fk_id_cliente, data_acesso, origem_acesso) VALUES (34, 10, '2025-03-26', 'Instagram');
INSERT INTO Acessos_Clientes (id_acesso, fk_id_cliente, data_acesso, origem_acesso) VALUES (35, 15, '2025-04-19', 'Email');
INSERT INTO Acessos_Clientes (id_acesso, fk_id_cliente, data_acesso, origem_acesso) VALUES (36, 11, '2025-05-04', 'Instagram');
INSERT INTO Acessos_Clientes (id_acesso, fk_id_cliente, data_acesso, origem_acesso) VALUES (37, 15, '2025-04-29', 'Google');
INSERT INTO Acessos_Clientes (id_acesso, fk_id_cliente, data_acesso, origem_acesso) VALUES (38, 15, '2025-03-03', 'Email');
INSERT INTO Acessos_Clientes (id_acesso, fk_id_cliente, data_acesso, origem_acesso) VALUES (39, 19, '2025-03-22', 'Google');
INSERT INTO Acessos_Clientes (id_acesso, fk_id_cliente, data_acesso, origem_acesso) VALUES (40, 8, '2025-03-22', 'Email');
INSERT INTO Acessos_Clientes (id_acesso, fk_id_cliente, data_acesso, origem_acesso) VALUES (41, 15, '2025-02-07', 'Email');
INSERT INTO Acessos_Clientes (id_acesso, fk_id_cliente, data_acesso, origem_acesso) VALUES (42, 19, '2025-02-27', 'Google');
INSERT INTO Acessos_Clientes (id_acesso, fk_id_cliente, data_acesso, origem_acesso) VALUES (43, 11, '2025-03-07', 'Instagram');
INSERT INTO Acessos_Clientes (id_acesso, fk_id_cliente, data_acesso, origem_acesso) VALUES (44, 6, '2025-02-23', 'Instagram');
INSERT INTO Acessos_Clientes (id_acesso, fk_id_cliente, data_acesso, origem_acesso) VALUES (45, 1, '2025-02-13', 'Google');
INSERT INTO Acessos_Clientes (id_acesso, fk_id_cliente, data_acesso, origem_acesso) VALUES (46, 16, '2025-03-26', 'Email');
INSERT INTO Acessos_Clientes (id_acesso, fk_id_cliente, data_acesso, origem_acesso) VALUES (47, 5, '2025-02-18', 'Google');
INSERT INTO Acessos_Clientes (id_acesso, fk_id_cliente, data_acesso, origem_acesso) VALUES (48, 18, '2025-04-29', 'Instagram');
INSERT INTO Acessos_Clientes (id_acesso, fk_id_cliente, data_acesso, origem_acesso) VALUES (49, 16, '2025-04-30', 'Email');
INSERT INTO Acessos_Clientes (id_acesso, fk_id_cliente, data_acesso, origem_acesso) VALUES (50, 5, '2025-04-24', 'Google');